player,player_id,position,team_name,player_game_count,base_attempts,base_dropbacks,behind_los_accuracy_percent,behind_los_aimed_passes,behind_los_attempts,behind_los_attempts_percent,behind_los_avg_depth_of_target,behind_los_avg_time_to_throw,behind_los_bats,behind_los_big_time_throws,behind_los_btt_rate,behind_los_completion_percent,behind_los_completions,behind_los_def_gen_pressures,behind_los_drop_rate,behind_los_dropbacks,behind_los_drops,behind_los_epa,behind_los_first_downs,behind_los_grades_pass,behind_los_hit_as_threw,behind_los_interceptions,behind_los_passing_snaps,behind_los_positive_epa_percent,behind_los_pressure_to_sack_rate,behind_los_qb_rating,behind_los_sack_percent,behind_los_sacks,behind_los_scrambles,behind_los_spikes,behind_los_thrown_aways,behind_los_touchdowns,behind_los_turnover_worthy_plays,behind_los_twp_rate,behind_los_yards,behind_los_ypa,center_behind_los_accuracy_percent,center_behind_los_aimed_passes,center_behind_los_attempts,center_behind_los_attempts_percent,center_behind_los_avg_depth_of_target,center_behind_los_avg_time_to_throw,center_behind_los_bats,center_behind_los_big_time_throws,center_behind_los_btt_rate,center_behind_los_completion_percent,center_behind_los_completions,center_behind_los_def_gen_pressures,center_behind_los_drop_rate,center_behind_los_dropbacks,center_behind_los_drops,center_behind_los_epa,center_behind_los_first_downs,center_behind_los_grades_pass,center_behind_los_hit_as_threw,center_behind_los_interceptions,center_behind_los_passing_snaps,center_behind_los_positive_epa_percent,center_behind_los_pressure_to_sack_rate,center_behind_los_qb_rating,center_behind_los_sack_percent,center_behind_los_sacks,center_behind_los_scrambles,center_behind_los_spikes,center_behind_los_thrown_aways,center_behind_los_touchdowns,center_behind_los_turnover_worthy_plays,center_behind_los_twp_rate,center_behind_los_yards,center_behind_los_ypa,center_deep_accuracy_percent,center_deep_aimed_passes,center_deep_attempts,center_deep_attempts_percent,center_deep_avg_depth_of_target,center_deep_avg_time_to_throw,center_deep_bats,center_deep_big_time_throws,center_deep_btt_rate,center_deep_completion_percent,center_deep_completions,center_deep_def_gen_pressures,center_deep_drop_rate,center_deep_dropbacks,center_deep_drops,center_deep_epa,center_deep_first_downs,center_deep_grades_pass,center_deep_hit_as_threw,center_deep_interceptions,center_deep_passing_snaps,center_deep_positive_epa_percent,center_deep_pressure_to_sack_rate,center_deep_qb_rating,center_deep_sack_percent,center_deep_sacks,center_deep_scrambles,center_deep_spikes,center_deep_thrown_aways,center_deep_touchdowns,center_deep_turnover_worthy_plays,center_deep_twp_rate,center_deep_yards,center_deep_ypa,center_medium_accuracy_percent,center_medium_aimed_passes,center_medium_attempts,center_medium_attempts_percent,center_medium_avg_depth_of_target,center_medium_avg_time_to_throw,center_medium_bats,center_medium_big_time_throws,center_medium_btt_rate,center_medium_completion_percent,center_medium_completions,center_medium_def_gen_pressures,center_medium_drop_rate,center_medium_dropbacks,center_medium_drops,center_medium_epa,center_medium_first_downs,center_medium_grades_pass,center_medium_hit_as_threw,center_medium_interceptions,center_medium_passing_snaps,center_medium_positive_epa_percent,center_medium_pressure_to_sack_rate,center_medium_qb_rating,center_medium_sack_percent,center_medium_sacks,center_medium_scrambles,center_medium_spikes,center_medium_thrown_aways,center_medium_touchdowns,center_medium_turnover_worthy_plays,center_medium_twp_rate,center_medium_yards,center_medium_ypa,center_short_accuracy_percent,center_short_aimed_passes,center_short_attempts,center_short_attempts_percent,center_short_avg_depth_of_target,center_short_avg_time_to_throw,center_short_bats,center_short_big_time_throws,center_short_btt_rate,center_short_completion_percent,center_short_completions,center_short_def_gen_pressures,center_short_drop_rate,center_short_dropbacks,center_short_drops,center_short_epa,center_short_first_downs,center_short_grades_pass,center_short_hit_as_threw,center_short_interceptions,center_short_passing_snaps,center_short_positive_epa_percent,center_short_pressure_to_sack_rate,center_short_qb_rating,center_short_sack_percent,center_short_sacks,center_short_scrambles,center_short_spikes,center_short_thrown_aways,center_short_touchdowns,center_short_turnover_worthy_plays,center_short_twp_rate,center_short_yards,center_short_ypa,declined_penalties,deep_accuracy_percent,deep_aimed_passes,deep_attempts,deep_attempts_percent,deep_avg_depth_of_target,deep_avg_time_to_throw,deep_bats,deep_big_time_throws,deep_btt_rate,deep_completion_percent,deep_completions,deep_def_gen_pressures,deep_drop_rate,deep_dropbacks,deep_drops,deep_epa,deep_first_downs,deep_grades_pass,deep_hit_as_threw,deep_interceptions,deep_passing_snaps,deep_positive_epa_percent,deep_pressure_to_sack_rate,deep_qb_rating,deep_sack_percent,deep_sacks,deep_scrambles,deep_spikes,deep_thrown_aways,deep_touchdowns,deep_turnover_worthy_plays,deep_twp_rate,deep_yards,deep_ypa,franchise_id,left_behind_los_accuracy_percent,left_behind_los_aimed_passes,left_behind_los_attempts,left_behind_los_attempts_percent,left_behind_los_avg_depth_of_target,left_behind_los_avg_time_to_throw,left_behind_los_bats,left_behind_los_big_time_throws,left_behind_los_btt_rate,left_behind_los_completion_percent,left_behind_los_completions,left_behind_los_def_gen_pressures,left_behind_los_drop_rate,left_behind_los_dropbacks,left_behind_los_drops,left_behind_los_epa,left_behind_los_first_downs,left_behind_los_grades_pass,left_behind_los_hit_as_threw,left_behind_los_interceptions,left_behind_los_passing_snaps,left_behind_los_positive_epa_percent,left_behind_los_pressure_to_sack_rate,left_behind_los_qb_rating,left_behind_los_sack_percent,left_behind_los_sacks,left_behind_los_scrambles,left_behind_los_spikes,left_behind_los_thrown_aways,left_behind_los_touchdowns,left_behind_los_turnover_worthy_plays,left_behind_los_twp_rate,left_behind_los_yards,left_behind_los_ypa,left_deep_accuracy_percent,left_deep_aimed_passes,left_deep_attempts,left_deep_attempts_percent,left_deep_avg_depth_of_target,left_deep_avg_time_to_throw,left_deep_bats,left_deep_big_time_throws,left_deep_btt_rate,left_deep_completion_percent,left_deep_completions,left_deep_def_gen_pressures,left_deep_drop_rate,left_deep_dropbacks,left_deep_drops,left_deep_epa,left_deep_first_downs,left_deep_grades_pass,left_deep_hit_as_threw,left_deep_interceptions,left_deep_passing_snaps,left_deep_positive_epa_percent,left_deep_pressure_to_sack_rate,left_deep_qb_rating,left_deep_sack_percent,left_deep_sacks,left_deep_scrambles,left_deep_spikes,left_deep_thrown_aways,left_deep_touchdowns,left_deep_turnover_worthy_plays,left_deep_twp_rate,left_deep_yards,left_deep_ypa,left_medium_accuracy_percent,left_medium_aimed_passes,left_medium_attempts,left_medium_attempts_percent,left_medium_avg_depth_of_target,left_medium_avg_time_to_throw,left_medium_bats,left_medium_big_time_throws,left_medium_btt_rate,left_medium_completion_percent,left_medium_completions,left_medium_def_gen_pressures,left_medium_drop_rate,left_medium_dropbacks,left_medium_drops,left_medium_epa,left_medium_first_downs,left_medium_grades_pass,left_medium_hit_as_threw,left_medium_interceptions,left_medium_passing_snaps,left_medium_positive_epa_percent,left_medium_pressure_to_sack_rate,left_medium_qb_rating,left_medium_sack_percent,left_medium_sacks,left_medium_scrambles,left_medium_spikes,left_medium_thrown_aways,left_medium_touchdowns,left_medium_turnover_worthy_plays,left_medium_twp_rate,left_medium_yards,left_medium_ypa,left_short_accuracy_percent,left_short_aimed_passes,left_short_attempts,left_short_attempts_percent,left_short_avg_depth_of_target,left_short_avg_time_to_throw,left_short_bats,left_short_big_time_throws,left_short_btt_rate,left_short_completion_percent,left_short_completions,left_short_def_gen_pressures,left_short_drop_rate,left_short_dropbacks,left_short_drops,left_short_epa,left_short_first_downs,left_short_grades_pass,left_short_hit_as_threw,left_short_interceptions,left_short_passing_snaps,left_short_positive_epa_percent,left_short_pressure_to_sack_rate,left_short_qb_rating,left_short_sack_percent,left_short_sacks,left_short_scrambles,left_short_spikes,left_short_thrown_aways,left_short_touchdowns,left_short_turnover_worthy_plays,left_short_twp_rate,left_short_yards,left_short_ypa,medium_accuracy_percent,medium_aimed_passes,medium_attempts,medium_attempts_percent,medium_avg_depth_of_target,medium_avg_time_to_throw,medium_bats,medium_big_time_throws,medium_btt_rate,medium_completion_percent,medium_completions,medium_def_gen_pressures,medium_drop_rate,medium_dropbacks,medium_drops,medium_epa,medium_first_downs,medium_grades_pass,medium_hit_as_threw,medium_interceptions,medium_passing_snaps,medium_positive_epa_percent,medium_pressure_to_sack_rate,medium_qb_rating,medium_sack_percent,medium_sacks,medium_scrambles,medium_spikes,medium_thrown_aways,medium_touchdowns,medium_turnover_worthy_plays,medium_twp_rate,medium_yards,medium_ypa,penalties,right_behind_los_accuracy_percent,right_behind_los_aimed_passes,right_behind_los_attempts,right_behind_los_attempts_percent,right_behind_los_avg_depth_of_target,right_behind_los_avg_time_to_throw,right_behind_los_bats,right_behind_los_big_time_throws,right_behind_los_btt_rate,right_behind_los_completion_percent,right_behind_los_completions,right_behind_los_def_gen_pressures,right_behind_los_drop_rate,right_behind_los_dropbacks,right_behind_los_drops,right_behind_los_epa,right_behind_los_first_downs,right_behind_los_grades_pass,right_behind_los_hit_as_threw,right_behind_los_interceptions,right_behind_los_passing_snaps,right_behind_los_positive_epa_percent,right_behind_los_pressure_to_sack_rate,right_behind_los_qb_rating,right_behind_los_sack_percent,right_behind_los_sacks,right_behind_los_scrambles,right_behind_los_spikes,right_behind_los_thrown_aways,right_behind_los_touchdowns,right_behind_los_turnover_worthy_plays,right_behind_los_twp_rate,right_behind_los_yards,right_behind_los_ypa,right_deep_accuracy_percent,right_deep_aimed_passes,right_deep_attempts,right_deep_attempts_percent,right_deep_avg_depth_of_target,right_deep_avg_time_to_throw,right_deep_bats,right_deep_big_time_throws,right_deep_btt_rate,right_deep_completion_percent,right_deep_completions,right_deep_def_gen_pressures,right_deep_drop_rate,right_deep_dropbacks,right_deep_drops,right_deep_epa,right_deep_first_downs,right_deep_grades_pass,right_deep_hit_as_threw,right_deep_interceptions,right_deep_passing_snaps,right_deep_positive_epa_percent,right_deep_pressure_to_sack_rate,right_deep_qb_rating,right_deep_sack_percent,right_deep_sacks,right_deep_scrambles,right_deep_spikes,right_deep_thrown_aways,right_deep_touchdowns,right_deep_turnover_worthy_plays,right_deep_twp_rate,right_deep_yards,right_deep_ypa,right_medium_accuracy_percent,right_medium_aimed_passes,right_medium_attempts,right_medium_attempts_percent,right_medium_avg_depth_of_target,right_medium_avg_time_to_throw,right_medium_bats,right_medium_big_time_throws,right_medium_btt_rate,right_medium_completion_percent,right_medium_completions,right_medium_def_gen_pressures,right_medium_drop_rate,right_medium_dropbacks,right_medium_drops,right_medium_epa,right_medium_first_downs,right_medium_grades_pass,right_medium_hit_as_threw,right_medium_interceptions,right_medium_passing_snaps,right_medium_positive_epa_percent,right_medium_pressure_to_sack_rate,right_medium_qb_rating,right_medium_sack_percent,right_medium_sacks,right_medium_scrambles,right_medium_spikes,right_medium_thrown_aways,right_medium_touchdowns,right_medium_turnover_worthy_plays,right_medium_twp_rate,right_medium_yards,right_medium_ypa,right_short_accuracy_percent,right_short_aimed_passes,right_short_attempts,right_short_attempts_percent,right_short_avg_depth_of_target,right_short_avg_time_to_throw,right_short_bats,right_short_big_time_throws,right_short_btt_rate,right_short_completion_percent,right_short_completions,right_short_def_gen_pressures,right_short_drop_rate,right_short_dropbacks,right_short_drops,right_short_epa,right_short_first_downs,right_short_grades_pass,right_short_hit_as_threw,right_short_interceptions,right_short_passing_snaps,right_short_positive_epa_percent,right_short_pressure_to_sack_rate,right_short_qb_rating,right_short_sack_percent,right_short_sacks,right_short_scrambles,right_short_spikes,right_short_thrown_aways,right_short_touchdowns,right_short_turnover_worthy_plays,right_short_twp_rate,right_short_yards,right_short_ypa,short_accuracy_percent,short_aimed_passes,short_attempts,short_attempts_percent,short_avg_depth_of_target,short_avg_time_to_throw,short_bats,short_big_time_throws,short_btt_rate,short_completion_percent,short_completions,short_def_gen_pressures,short_drop_rate,short_dropbacks,short_drops,short_epa,short_first_downs,short_grades_pass,short_hit_as_threw,short_interceptions,short_passing_snaps,short_positive_epa_percent,short_pressure_to_sack_rate,short_qb_rating,short_sack_percent,short_sacks,short_scrambles,short_spikes,short_thrown_aways,short_touchdowns,short_turnover_worthy_plays,short_twp_rate,short_yards,short_ypa
Diego Pavia,156927,QB,NORTH SENR,1,13,17,100.0,2,2,15.4,-4.0,1.65,0,0,0.0,100.0,2,0,0.0,2,0,-0.19,0,62.7,0,0,2,0.0,,83.3,0.0,0,0,0,0,0,0,0.0,8,4.0,100.0,2,2,15.4,-4.0,1.65,0,0,0.0,100.0,2,0,0.0,2,0,-0.19,0,62.7,0,0,2,0.0,,83.3,0.0,0,0,0,0,0,0,0.0,8,4.0,,0,0,0.0,,,0,0,,,0,0,,0,0,0.0,0,,0,0,0,,,0.0,,0,0,0,0,0,0,,0,,100.0,1,1,7.7,11.0,5.1,0,0,0.0,0.0,0,0,100.0,1,1,-3.44,0,75.4,0,0,1,0.0,,39.6,0.0,0,0,0,0,0,0,0.0,0,0.0,100.0,5,5,38.5,4.6,3.4,0,0,0.0,80.0,4,2,20.0,5,1,0.32,2,73.4,0,0,5,80.0,0.0,98.3,0.0,0,0,0,0,0,0,0.0,38,7.6,0,,0,0,0.0,,,0,0,,,0,0,,0,0,0.0,0,,0,0,0,,,0.0,,0,0,0,0,0,0,,0,,356,,0,0,0.0,,,0,0,,,0,0,,0,0,0.0,0,,0,0,0,,,0.0,,0,0,0,0,0,0,,0,,,0,0,0.0,,,0,0,,,0,0,,0,0,0.0,0,,0,0,0,,,0.0,,0,0,0,0,0,0,,0,,,0,0,0.0,,,0,0,,,0,0,,0,0,0.0,0,,0,0,0,,,0.0,,0,0,0,0,0,0,,0,,100.0,1,1,7.7,4.0,1.7,0,0,0.0,100.0,1,0,0.0,1,0,1.32,1,71.8,0,0,1,100.0,,91.7,0.0,0,0,0,0,0,0,0.0,6,6.0,100.0,1,1,7.7,11.0,5.1,0,0,0.0,0.0,0,0,100.0,1,1,-3.44,0,75.4,0,0,1,0.0,,39.6,0.0,0,0,0,0,0,0,0.0,0,0.0,0,,0,0,0.0,,,0,0,,,0,0,,0,0,0.0,0,,0,0,0,,,0.0,,0,0,0,0,0,0,,0,,,0,0,0.0,,,0,0,,,0,0,,0,0,0.0,0,,0,0,0,,,0.0,,0,0,0,0,0,0,,0,,,0,0,0.0,,,0,0,,,0,0,,0,0,0.0,0,,0,0,0,,,0.0,,0,0,0,0,0,0,,0,,100.0,3,3,23.1,3.3,3.07,0,0,0.0,100.0,3,0,0.0,3,0,0.51,1,63.8,0,0,3,100.0,,102.8,0.0,0,0,0,0,0,0,0.0,26,8.7,100.0,9,9,69.2,4.1,3.1,0,0,0.0,88.9,8,2,11.1,9,1,0.49,4,78.1,0,0,9,88.9,0.0,99.1,0.0,0,0,0,0,0,0,0.0,70,7.8
Dequan Finn,97804,QB,WRHK AMER,1,13,16,75.0,4,4,30.8,-3.8,2.68,0,0,0.0,75.0,3,1,0.0,4,0,-1.04,0,57.5,0,0,4,0.0,0.0,77.1,0.0,0,0,0,0,0,0,0.0,-1,-0.3,100.0,2,2,15.4,-5.0,2.4,0,0,0.0,100.0,2,1,0.0,2,0,-1.18,0,62.6,0,0,2,0.0,0.0,79.2,0.0,0,0,0,0,0,0,0.0,-4,-2.0,0.0,1,1,7.7,22.0,2.3,0,0,0.0,0.0,0,1,,1,0,-0.98,0,58.5,0,0,2,0.0,0.0,39.6,0.0,0,0,0,0,0,0,0.0,0,0.0,,0,0,0.0,,,0,0,0.0,,0,0,,0,0,0.0,0,75.4,0,0,1,,,0.0,,0,0,0,0,0,0,0.0,0,,100.0,3,3,23.1,2.7,2.73,0,0,0.0,66.7,2,2,33.3,3,1,0.07,1,55.9,0,0,3,33.3,0.0,91.0,0.0,0,0,0,0,0,0,0.0,24,8.0,0,0.0,3,3,23.1,31.3,2.5,0,0,0.0,0.0,0,1,,3,0,-0.86,0,45.4,0,0,4,0.0,0.0,39.6,0.0,0,0,0,0,0,0,0.0,0,0.0,1542,50.0,2,2,15.4,-2.5,2.95,0,0,0.0,50.0,1,0,0.0,2,0,-0.89,0,54.5,0,0,2,0.0,,56.3,0.0,0,0,0,0,0,0,0.0,3,1.5,0.0,1,1,7.7,30.0,2.6,0,0,0.0,0.0,0,0,,1,0,-0.79,0,49.9,0,0,1,0.0,,39.6,0.0,0,0,0,0,0,0,0.0,0,0.0,,0,0,0.0,,,0,0,,,0,0,,0,0,0.0,0,,0,0,0,,,0.0,,0,0,0,0,0,0,,0,,0.0,1,1,7.7,4.0,2.3,0,0,0.0,0.0,0,0,,1,0,-1.0,0,55.3,0,0,1,0.0,,39.6,0.0,0,0,0,0,0,0,0.0,0,0.0,,0,0,0.0,,,0,0,0.0,,0,0,,0,0,0.0,0,75.4,0,0,1,,,0.0,,0,0,0,0,0,0,0.0,0,,0,,0,0,0.0,,,0,0,,,0,0,,0,0,0.0,0,,0,0,0,,,0.0,,0,0,0,0,0,0,,0,,0.0,1,1,7.7,42.0,2.6,0,0,0.0,0.0,0,0,,1,0,-0.82,0,49.9,0,0,1,0.0,,39.6,0.0,0,0,0,0,0,0,0.0,0,0.0,,0,0,0.0,,,0,0,,,0,0,,0,0,0.0,0,,0,0,0,,,0.0,,0,0,0,0,0,0,,0,,100.0,1,1,7.7,3.0,3.9,0,0,0.0,100.0,1,0,0.0,1,0,1.48,1,71.8,0,0,1,100.0,,83.3,0.0,0,0,0,0,0,0,0.0,4,4.0,80.0,5,5,38.5,3.0,2.88,0,0,0.0,60.0,3,2,25.0,5,1,0.14,2,60.7,0,0,5,40.0,0.0,75.4,0.0,0,0,0,0,0,0,0.0,28,5.6
Cameron Peters,123326,QB,HBCURO,1,11,16,100.0,1,1,9.1,-1.0,3.2,0,0,0.0,100.0,1,1,0.0,1,0,0.0,0,60.4,0,0,1,0.0,0.0,87.5,0.0,0,0,0,0,0,0,0.0,5,5.0,100.0,1,1,9.1,-1.0,3.2,0,0,0.0,100.0,1,1,0.0,1,0,0.0,0,60.4,0,0,1,0.0,0.0,87.5,0.0,0,0,0,0,0,0,0.0,5,5.0,,0,0,0.0,,,0,0,,,0,0,,0,0,0.0,0,,0,0,0,,,0.0,,0,0,0,0,0,0,,0,,100.0,2,2,18.2,14.0,3.1,0,0,0.0,100.0,2,1,0.0,2,0,1.17,2,83.1,0,0,2,100.0,0.0,118.8,0.0,0,0,0,0,0,0,0.0,34,17.0,,0,0,0.0,,,0,0,,,0,0,,0,0,0.0,0,,0,0,0,,,0.0,,0,0,0,0,0,0,,0,,0,50.0,4,4,36.4,27.3,2.85,0,0,0.0,50.0,2,4,0.0,4,0,0.68,2,59.1,0,0,4,50.0,0.0,94.8,0.0,0,0,0,0,0,0,0.0,49,12.3,1460,,0,0,0.0,,,0,0,,,0,0,,0,0,0.0,0,,0,0,0,,,0.0,,0,0,0,0,0,0,,0,,,0,0,0.0,,,0,0,,,0,0,,0,0,0.0,0,,0,0,0,,,0.0,,0,0,0,0,0,0,,0,,0.0,1,1,9.1,13.0,1.7,0,0,0.0,0.0,0,0,,1,0,-0.82,0,54.8,0,0,1,0.0,,39.6,0.0,0,0,0,0,0,0,0.0,0,0.0,,0,0,0.0,,,0,0,,,0,0,,0,0,0.0,0,,0,0,0,,,0.0,,0,0,0,0,0,0,,0,,50.0,4,4,36.4,13.0,2.85,0,0,0.0,50.0,2,2,0.0,4,0,0.25,2,70.0,0,0,4,50.0,0.0,79.2,0.0,0,0,0,0,0,0,0.0,34,8.5,0,,0,0,0.0,,,0,0,,,0,0,,0,0,0.0,0,,0,0,0,,,0.0,,0,0,0,0,0,0,,0,,50.0,4,4,36.4,27.3,2.85,0,0,0.0,50.0,2,4,0.0,4,0,0.68,2,59.1,0,0,4,50.0,0.0,94.8,0.0,0,0,0,0,0,0,0.0,49,12.3,0.0,1,1,9.1,11.0,3.5,0,0,0.0,0.0,0,1,,1,0,-0.54,0,54.8,0,0,1,0.0,0.0,39.6,0.0,0,0,0,0,0,0,0.0,0,0.0,0.0,1,1,9.1,6.0,1.8,0,0,0.0,0.0,0,0,,1,0,-0.87,0,60.9,0,0,1,0.0,,39.6,0.0,0,0,0,0,0,0,0.0,0,0.0,0.0,1,1,9.1,6.0,1.8,0,0,0.0,0.0,0,0,,1,0,-0.87,0,60.9,0,0,1,0.0,,39.6,0.0,0,0,0,0,0,0,0.0,0,0.0
Kyron Drones,144506,QB,KAI HULA,2,13,16,,0,0,0.0,,,0,0,,,0,0,,0,0,0.0,0,,0,0,0,,,0.0,,0,0,0,0,0,0,,0,,,0,0,0.0,,,0,0,,,0,0,,0,0,0.0,0,,0,0,0,,,0.0,,0,0,0,0,0,0,,0,,0.0,2,2,15.4,31.5,3.65,0,0,0.0,0.0,0,1,,2,0,-0.45,0,57.2,0,1,2,0.0,0.0,0.0,0.0,0,0,0,0,0,0,0.0,0,0.0,,0,0,0.0,,,0,0,,,0,0,,0,0,0.0,0,,0,0,0,,,0.0,,0,0,0,0,0,0,,0,,66.7,6,6,46.2,4.3,2.3,0,0,0.0,66.7,4,1,0.0,6,0,0.42,2,61.1,0,0,6,50.0,0.0,84.0,0.0,0,0,0,0,0,0,0.0,38,6.3,0,33.3,3,3,23.1,29.0,3.3,0,0,0.0,33.3,1,2,0.0,3,0,1.2,1,58.0,0,1,3,33.3,0.0,67.4,0.0,0,0,0,0,1,0,0.0,27,9.0,1446,,0,0,0.0,,,0,0,,,0,0,,0,0,0.0,0,,0,0,0,,,0.0,,0,0,0,0,0,0,,0,,,0,0,0.0,,,0,0,,,0,0,,0,0,0.0,0,,0,0,0,,,0.0,,0,0,0,0,0,0,,0,,,0,0,0.0,,,0,0,,,0,0,,0,0,0.0,0,,0,0,0,,,0.0,,0,0,0,0,0,0,,0,,50.0,2,2,15.4,6.5,1.85,0,0,0.0,50.0,1,0,0.0,2,0,-0.8,0,47.3,0,0,2,50.0,,60.4,0.0,0,0,0,0,0,0,0.0,8,4.0,50.0,2,2,15.4,13.0,3.4,0,0,0.0,50.0,1,0,0.0,2,0,0.51,1,62.6,0,0,2,50.0,,64.6,0.0,0,0,0,0,0,0,0.0,10,5.0,0,,0,0,0.0,,,0,0,,,0,0,,0,0,0.0,0,,0,0,0,,,0.0,,0,0,0,0,0,0,,0,,100.0,1,1,7.7,24.0,2.6,0,0,0.0,100.0,1,1,0.0,1,0,4.49,1,60.5,0,0,1,100.0,0.0,158.3,0.0,0,0,0,0,1,0,0.0,27,27.0,50.0,2,2,15.4,13.0,3.4,0,0,0.0,50.0,1,0,0.0,2,0,0.51,1,62.6,0,0,2,50.0,,64.6,0.0,0,0,0,0,0,0,0.0,10,5.0,,0,0,0.0,,,0,0,,,0,0,,0,0,0.0,0,,0,0,0,,,0.0,,0,0,0,0,0,0,,0,,62.5,8,8,61.5,4.9,2.19,0,0,0.0,62.5,5,1,0.0,8,0,0.12,2,53.3,0,0,8,50.0,0.0,78.1,0.0,0,0,0,0,0,0,0.0,46,5.8
Jalon Daniels,122555,QB,EAST SHRNE,1,14,16,100.0,3,3,21.4,-1.7,2.83,0,0,0.0,100.0,3,1,0.0,3,0,-0.24,0,64.1,0,0,4,33.3,0.0,88.9,0.0,0,0,0,0,0,0,0.0,16,5.3,100.0,2,2,14.3,-2.0,2.45,0,0,0.0,100.0,2,1,0.0,2,0,-0.1,0,63.2,0,0,3,50.0,0.0,93.8,0.0,0,0,0,0,0,0,0.0,13,6.5,,0,0,0.0,,,0,0,,,0,0,,0,0,0.0,0,,0,0,0,,,0.0,,0,0,0,0,0,0,,0,,0.0,1,1,7.1,15.0,2.0,0,0,0.0,0.0,0,0,,1,0,-0.48,0,62.4,0,0,2,0.0,,39.6,0.0,0,0,0,0,0,0,0.0,0,0.0,100.0,3,3,21.4,4.3,2.83,0,0,0.0,100.0,3,0,0.0,3,0,0.56,1,63.4,0,0,3,100.0,,104.2,0.0,0,0,0,0,0,0,0.0,27,9.0,0,,0,0,0.0,,,0,0,,,0,0,,0,0,0.0,0,,0,0,0,,,0.0,,0,0,0,0,0,0,,0,,354,100.0,1,1,7.1,-1.0,3.6,0,0,0.0,100.0,1,0,0.0,1,0,-0.52,0,60.4,0,0,1,0.0,,79.2,0.0,0,0,0,0,0,0,0.0,3,3.0,,0,0,0.0,,,0,0,,,0,0,,0,0,0.0,0,,0,0,0,,,0.0,,0,0,0,0,0,0,,0,,0.0,1,1,7.1,18.0,2.4,0,0,0.0,0.0,0,0,,1,0,-1.42,0,74.3,0,0,1,0.0,,39.6,0.0,0,0,0,0,0,0,0.0,0,0.0,100.0,1,1,7.1,6.0,4.7,0,0,0.0,100.0,1,1,0.0,1,0,-0.02,0,61.6,0,0,1,0.0,0.0,95.8,0.0,0,0,0,0,0,0,0.0,7,7.0,25.0,4,4,28.6,13.5,2.78,0,0,0.0,0.0,0,1,100.0,4,1,-1.07,0,71.1,0,0,5,0.0,0.0,39.6,0.0,0,0,0,0,0,0,0.0,0,0.0,0,,0,0,0.0,,,0,0,,,0,0,,0,0,0.0,0,,0,0,0,,,0.0,,0,0,0,0,0,0,,0,,,0,0,0.0,,,0,0,,,0,0,,0,0,0.0,0,,0,0,0,,,0.0,,0,0,0,0,0,0,,0,,50.0,2,2,14.3,10.5,3.35,0,0,0.0,0.0,0,1,100.0,2,1,-1.19,0,61.5,0,0,2,0.0,0.0,39.6,0.0,0,0,0,0,0,0,0.0,0,0.0,100.0,1,1,7.1,0.0,2.0,0,0,0.0,100.0,1,0,0.0,1,0,-0.05,1,60.6,0,0,1,0.0,,79.2,0.0,0,0,0,0,0,0,0.0,2,2.0,100.0,5,5,35.7,3.8,3.04,0,0,0.0,100.0,5,1,0.0,5,0,0.32,2,64.8,0,0,5,60.0,0.0,96.7,0.0,0,0,0,0,0,0,0.0,36,7.2
Cam'Ron Ransom,147110,QB,HBCURO,1,15,16,,0,0,0.0,,,0,0,,,0,0,,0,0,0.0,0,,0,0,0,,,0.0,,0,0,0,0,0,0,,0,,,0,0,0.0,,,0,0,,,0,0,,0,0,0.0,0,,0,0,0,,,0.0,,0,0,0,0,0,0,,0,,100.0,1,1,6.7,25.0,2.5,0,1,100.0,100.0,1,0,0.0,1,0,3.32,1,89.2,0,0,1,100.0,,158.3,0.0,0,0,0,0,1,0,0.0,26,26.0,0.0,1,1,6.7,16.0,2.6,0,0,0.0,0.0,0,0,,1,0,-1.04,0,49.6,0,0,1,0.0,,39.6,0.0,0,0,0,0,0,0,0.0,0,0.0,100.0,1,1,6.7,1.0,2.8,0,0,0.0,100.0,1,0,0.0,1,0,1.77,1,60.4,0,0,1,100.0,,118.8,0.0,0,0,0,0,0,0,0.0,22,22.0,0,66.7,6,6,40.0,23.3,2.63,0,4,66.7,50.0,3,2,25.0,6,1,1.02,3,95.6,0,0,6,50.0,0.0,135.4,0.0,0,0,0,0,1,0,0.0,77,12.8,1460,,0,0,0.0,,,0,0,,,0,0,,0,0,0.0,0,,0,0,0,,,0.0,,0,0,0,0,0,0,,0,,100.0,2,2,13.3,25.5,2.75,0,2,100.0,50.0,1,1,50.0,2,1,0.73,1,94.9,0,0,2,50.0,0.0,95.8,0.0,0,0,0,0,0,0,0.0,27,13.5,100.0,1,1,6.7,16.0,3.3,0,0,0.0,100.0,1,0,0.0,1,0,1.69,1,73.1,0,0,1,100.0,,118.8,0.0,0,0,0,0,0,0,0.0,32,32.0,66.7,3,3,20.0,8.0,2.13,0,0,0.0,66.7,2,0,0.0,3,0,-1.62,1,34.6,0,1,3,33.3,,38.9,0.0,0,0,0,0,0,1,33.3,15,5.0,66.7,3,3,20.0,15.3,2.8,0,0,0.0,66.7,2,0,0.0,3,0,1.27,2,73.3,0,0,3,66.7,,109.7,0.0,0,0,0,0,0,0,0.0,49,16.3,0,,0,0,0.0,,,0,0,,,0,0,,0,0,0.0,0,,0,0,0,,,0.0,,0,0,0,0,0,0,,0,,33.3,3,3,20.0,21.3,2.6,0,1,33.3,33.3,1,1,0.0,3,0,0.44,1,73.5,0,0,3,33.3,0.0,63.2,0.0,0,0,0,0,0,0,0.0,24,8.0,100.0,1,1,6.7,14.0,2.5,0,0,0.0,100.0,1,0,0.0,1,0,3.15,1,74.3,0,0,1,100.0,,118.8,0.0,0,0,0,0,0,0,0.0,17,17.0,,0,0,0.0,,,0,0,,,0,0,,0,0,0.0,0,,0,0,0,,,0.0,,0,0,0,0,0,0,,0,,75.0,4,4,26.7,6.3,2.3,0,0,0.0,75.0,3,0,0.0,4,0,-0.77,2,37.4,0,1,4,50.0,,63.5,0.0,0,0,0,0,0,1,25.0,37,9.3
Maverick McIvor,99476,QB,GUAR AMER,1,13,14,100.0,1,1,7.7,-4.0,2.3,0,0,0.0,100.0,1,0,0.0,1,0,2.64,1,61.0,0,0,1,100.0,,118.8,0.0,0,0,0,0,0,0,0.0,13,13.0,100.0,1,1,7.7,-4.0,2.3,0,0,0.0,100.0,1,0,0.0,1,0,2.64,1,61.0,0,0,1,100.0,,118.8,0.0,0,0,0,0,0,0,0.0,13,13.0,,0,0,0.0,,,0,0,,,0,0,,0,0,0.0,0,,0,0,0,,,0.0,,0,0,0,0,0,0,,0,,0.0,1,1,7.7,14.0,2.5,0,0,0.0,0.0,0,0,,1,0,-5.08,0,26.9,0,1,1,0.0,,0.0,0.0,0,0,0,0,0,1,100.0,0,0.0,80.0,5,5,38.5,4.0,2.28,0,0,0.0,80.0,4,2,0.0,5,0,-0.06,1,59.8,0,0,6,60.0,0.0,92.5,0.0,0,0,0,0,0,0,0.0,31,6.2,0,50.0,2,2,15.4,27.5,3.15,0,1,50.0,50.0,1,2,0.0,2,0,0.96,1,76.7,0,0,2,50.0,0.0,95.8,0.0,0,0,0,0,0,0,0.0,35,17.5,1541,,0,0,0.0,,,0,0,,,0,0,,0,0,0.0,0,,0,0,0,,,0.0,,0,0,0,0,0,0,,0,,,0,0,0.0,,,0,0,,,0,0,,0,0,0.0,0,,0,0,0,,,0.0,,0,0,0,0,0,0,,0,,,0,0,0.0,,,0,0,0.0,,0,0,,0,0,0.0,0,48.5,0,0,1,,,0.0,,0,0,0,0,0,0,0.0,0,,100.0,2,2,15.4,1.5,3.6,0,0,0.0,100.0,2,1,0.0,2,0,0.87,1,62.7,0,0,2,100.0,0.0,95.8,0.0,0,0,0,0,0,0,0.0,14,7.0,0.0,1,1,7.7,14.0,2.5,0,0,0.0,0.0,0,0,,1,0,-5.08,0,25.5,0,1,2,0.0,,0.0,0.0,0,0,0,0,0,1,50.0,0,0.0,0,,0,0,0.0,,,0,0,,,0,0,,0,0,0.0,0,,0,0,0,,,0.0,,0,0,0,0,0,0,,0,,50.0,2,2,15.4,27.5,3.15,0,1,50.0,50.0,1,2,0.0,2,0,0.96,1,76.7,0,0,2,50.0,0.0,95.8,0.0,0,0,0,0,0,0,0.0,35,17.5,,0,0,0.0,,,0,0,,,0,0,,0,0,0.0,0,,0,0,0,,,0.0,,0,0,0,0,0,0,,0,,,0,0,0.0,,,0,0,,,0,0,,0,0,0.0,0,,0,0,0,,,0.0,,0,0,0,0,0,0,,0,,85.7,7,7,53.8,3.3,2.66,0,0,0.0,85.7,6,3,0.0,7,0,0.2,2,61.4,0,0,8,71.4,0.0,93.5,0.0,0,0,0,0,0,0,0.0,45,6.4
Jacob Clark,101628,QB,WRHK AMER,1,12,14,100.0,1,1,8.3,-5.0,3.0,0,0,0.0,100.0,1,0,0.0,1,0,1.12,1,60.4,0,0,1,100.0,,118.8,0.0,0,0,0,0,0,0,0.0,14,14.0,100.0,1,1,8.3,-5.0,3.0,0,0,0.0,100.0,1,0,0.0,1,0,1.12,1,60.4,0,0,1,100.0,,118.8,0.0,0,0,0,0,0,0,0.0,14,14.0,100.0,1,1,8.3,23.0,2.6,0,1,100.0,100.0,1,0,0.0,1,0,2.47,1,88.1,0,0,1,100.0,,118.8,0.0,0,0,0,0,0,0,0.0,24,24.0,100.0,1,1,8.3,13.0,2.2,0,0,0.0,100.0,1,0,0.0,1,0,0.97,1,72.6,0,0,1,100.0,,118.8,0.0,0,0,0,0,0,0,0.0,18,18.0,100.0,1,1,8.3,4.0,1.6,0,0,0.0,100.0,1,0,0.0,1,0,2.97,1,71.8,0,0,1,100.0,,122.9,0.0,0,0,0,0,1,0,0.0,4,4.0,0,100.0,2,2,16.7,23.5,3.0,0,1,50.0,100.0,2,0,0.0,2,0,1.81,2,92.8,0,0,2,100.0,,118.8,0.0,0,0,0,0,0,0,0.0,50,25.0,1542,,0,0,0.0,,,0,0,,,0,0,,0,0,0.0,0,,0,0,0,,,0.0,,0,0,0,0,0,0,,0,,100.0,1,1,8.3,24.0,3.4,0,0,0.0,100.0,1,0,0.0,1,0,1.15,1,76.6,0,0,1,100.0,,118.8,0.0,0,0,0,0,0,0,0.0,26,26.0,100.0,1,1,8.3,16.0,3.0,0,0,0.0,100.0,1,0,0.0,1,0,1.06,1,72.6,0,0,1,100.0,,118.8,0.0,0,0,0,0,0,0,0.0,17,17.0,,0,0,0.0,,,0,0,,,0,0,,0,0,0.0,0,,0,0,0,,,0.0,,0,0,0,0,0,0,,0,,66.7,3,3,25.0,13.3,2.23,0,0,0.0,66.7,2,0,0.0,3,0,0.44,2,76.0,0,0,3,66.7,,106.3,0.0,0,0,0,0,0,0,0.0,35,11.7,0,,0,0,0.0,,,0,0,,,0,0,,0,0,0.0,0,,0,0,0,,,0.0,,0,0,0,0,0,0,,0,,,0,0,0.0,,,0,0,,,0,0,,0,0,0.0,0,,0,0,0,,,0.0,,0,0,0,0,0,0,,0,,0.0,1,1,8.3,11.0,1.5,0,0,0.0,0.0,0,0,,1,0,-0.71,0,55.3,0,0,1,0.0,,39.6,0.0,0,0,0,0,0,0,0.0,0,0.0,66.7,3,3,25.0,2.3,2.23,0,0,0.0,66.7,2,1,0.0,3,0,-0.21,0,56.0,0,0,3,33.3,0.0,71.5,0.0,0,0,0,0,0,0,0.0,10,3.3,75.0,4,4,33.3,2.8,2.08,0,0,0.0,75.0,3,1,0.0,4,0,0.59,1,66.3,0,0,4,50.0,0.0,118.8,0.0,0,0,0,0,1,0,0.0,14,3.5
Cole Payton,148154,QB,NORTH SENR,1,10,13,100.0,2,2,20.0,-5.0,3.25,0,0,0.0,50.0,1,1,50.0,2,1,-0.87,0,62.7,0,0,2,0.0,0.0,56.3,0.0,0,0,0,0,0,0,0.0,3,1.5,,0,0,0.0,,,0,0,,,0,0,,0,0,0.0,0,,0,0,0,,,0.0,,0,0,0,0,0,0,,0,,50.0,2,2,20.0,22.0,3.55,0,0,0.0,50.0,1,1,0.0,2,0,0.5,1,73.4,0,0,2,50.0,0.0,93.8,0.0,0,0,0,0,0,0,0.0,24,12.0,100.0,1,1,10.0,14.0,2.2,0,0,0.0,100.0,1,0,0.0,1,0,1.93,1,56.6,0,0,1,100.0,,118.8,0.0,0,0,0,0,0,0,0.0,14,14.0,66.7,3,3,30.0,6.0,2.4,0,0,0.0,66.7,2,0,0.0,3,0,0.85,1,73.5,0,0,3,66.7,,100.7,0.0,0,0,0,0,0,0,0.0,31,10.3,0,50.0,2,2,20.0,22.0,3.55,0,0,0.0,50.0,1,1,0.0,2,0,0.5,1,73.4,0,0,2,50.0,0.0,93.8,0.0,0,0,0,0,0,0,0.0,24,12.0,356,100.0,2,2,20.0,-5.0,3.25,0,0,0.0,50.0,1,1,50.0,2,1,-0.87,0,62.7,0,0,2,0.0,0.0,56.3,0.0,0,0,0,0,0,0,0.0,3,1.5,,0,0,0.0,,,0,0,,,0,0,,0,0,0.0,0,,0,0,0,,,0.0,,0,0,0,0,0,0,,0,,,0,0,0.0,,,0,0,,,0,0,,0,0,0.0,0,,0,0,0,,,0.0,,0,0,0,0,0,0,,0,,50.0,2,2,20.0,3.5,1.8,0,0,0.0,0.0,0,0,100.0,2,1,-2.01,0,53.9,0,0,2,0.0,,39.6,0.0,0,0,0,0,0,0,0.0,0,0.0,100.0,1,1,10.0,14.0,2.2,0,0,0.0,100.0,1,0,0.0,1,0,1.93,1,56.6,0,0,1,100.0,,118.8,0.0,0,0,0,0,0,0,0.0,14,14.0,0,,0,0,0.0,,,0,0,,,0,0,,0,0,0.0,0,,0,0,0,,,0.0,,0,0,0,0,0,0,,0,,,0,0,0.0,,,0,0,,,0,0,,0,0,0.0,0,,0,0,0,,,0.0,,0,0,0,0,0,0,,0,,,0,0,0.0,,,0,0,,,0,0,,0,0,0.0,0,,0,0,0,,,0.0,,0,0,0,0,0,0,,0,,,0,0,0.0,,,0,0,,,0,0,,0,0,0.0,0,,0,0,0,,,0.0,,0,0,0,0,0,0,,0,,60.0,5,5,50.0,5.0,2.16,0,0,0.0,40.0,2,0,33.3,5,1,-0.29,1,66.9,0,0,5,40.0,,61.3,0.0,0,0,0,0,0,0,0.0,31,6.2
Jake Retzlaff,70874,QB,AIN HULA,1,13,13,100.0,2,2,15.4,-2.5,1.65,0,0,0.0,100.0,2,0,0.0,2,0,0.19,0,62.7,0,0,2,50.0,,87.5,0.0,0,0,0,0,0,0,0.0,10,5.0,100.0,2,2,15.4,-2.5,1.65,0,0,0.0,100.0,2,0,0.0,2,0,0.19,0,62.7,0,0,2,50.0,,87.5,0.0,0,0,0,0,0,0,0.0,10,5.0,,0,0,0.0,,,0,0,,,0,0,,0,0,0.0,0,,0,0,0,,,0.0,,0,0,0,0,0,0,,0,,,0,0,0.0,,,0,0,,,0,0,,0,0,0.0,0,,0,0,0,,,0.0,,0,0,0,0,0,0,,0,,75.0,4,4,30.8,2.5,2.2,0,0,0.0,75.0,3,1,0.0,4,0,-0.43,2,48.4,0,1,5,75.0,0.0,60.4,0.0,0,0,0,0,0,1,20.0,34,8.5,0,100.0,1,1,7.7,26.0,3.0,0,1,100.0,100.0,1,0,0.0,1,0,3.97,1,89.2,0,0,1,100.0,,158.3,0.0,0,0,0,0,1,0,0.0,21,21.0,1447,,0,0,0.0,,,0,0,,,0,0,,0,0,0.0,0,,0,0,0,,,0.0,,0,0,0,0,0,0,,0,,,0,0,0.0,,,0,0,,,0,0,,0,0,0.0,0,,0,0,0,,,0.0,,0,0,0,0,0,0,,0,,,0,0,0.0,,,0,0,,,0,0,,0,0,0.0,0,,0,0,0,,,0.0,,0,0,0,0,0,0,,0,,,0,0,0.0,,,0,0,,,0,0,,0,0,0.0,0,,0,0,0,,,0.0,,0,0,0,0,0,0,,0,,100.0,1,1,7.7,19.0,2.3,0,1,100.0,100.0,1,1,0.0,1,0,3.75,1,85.9,0,0,1,100.0,0.0,152.1,0.0,0,0,0,0,1,0,0.0,11,11.0,0,,0,0,0.0,,,0,0,,,0,0,,0,0,0.0,0,,0,0,0,,,0.0,,0,0,0,0,0,0,,0,,100.0,1,1,7.7,26.0,3.0,0,1,100.0,100.0,1,0,0.0,1,0,3.97,1,89.2,0,0,1,100.0,,158.3,0.0,0,0,0,0,1,0,0.0,21,21.0,100.0,1,1,7.7,19.0,2.3,0,1,100.0,100.0,1,1,0.0,1,0,3.75,1,85.9,0,0,1,100.0,0.0,152.1,0.0,0,0,0,0,1,0,0.0,11,11.0,100.0,1,1,7.7,7.0,1.8,0,0,0.0,100.0,1,0,0.0,1,0,1.43,1,71.9,0,0,1,100.0,,95.8,0.0,0,0,0,0,0,0,0.0,7,7.0,80.0,5,5,38.5,3.4,2.12,0,0,0.0,80.0,4,1,0.0,5,0,-0.06,3,58.3,0,1,6,80.0,0.0,61.2,0.0,0,0,0,0,0,1,16.7,41,8.2
Mark Gronowski,138303,QB,WEST SHRNE,1,10,13,100.0,2,2,20.0,-3.0,3.25,0,0,0.0,100.0,2,0,0.0,2,0,0.76,1,62.7,0,0,2,100.0,,102.1,0.0,0,0,0,0,0,0,0.0,17,8.5,100.0,1,1,10.0,-3.0,2.5,0,0,0.0,100.0,1,0,0.0,1,0,1.49,1,60.6,0,0,1,100.0,,104.2,0.0,0,0,0,0,0,0,0.0,9,9.0,100.0,1,1,10.0,22.0,3.2,0,0,0.0,100.0,1,1,0.0,1,0,2.4,1,76.6,0,0,1,100.0,0.0,118.8,0.0,0,0,0,0,0,0,0.0,23,23.0,,0,0,0.0,,,0,0,,,0,0,,0,0,0.0,0,,0,0,0,,,0.0,,0,0,0,0,0,0,,0,,100.0,2,2,20.0,5.0,2.1,0,0,0.0,100.0,2,0,0.0,2,0,1.12,1,62.3,0,0,2,100.0,,104.2,0.0,0,0,0,0,0,0,0.0,18,9.0,0,100.0,1,1,10.0,22.0,3.2,0,0,0.0,100.0,1,1,0.0,1,0,2.4,1,76.6,0,0,1,100.0,0.0,118.8,0.0,0,0,0,0,0,0,0.0,23,23.0,355,,0,0,0.0,,,0,0,,,0,0,,0,0,0.0,0,,0,0,0,,,0.0,,0,0,0,0,0,0,,0,,,0,0,0.0,,,0,0,,,0,0,,0,0,0.0,0,,0,0,0,,,0.0,,0,0,0,0,0,0,,0,,100.0,1,1,10.0,10.0,3.3,0,0,0.0,100.0,1,0,0.0,1,0,0.89,1,73.1,0,0,1,100.0,,116.7,0.0,0,0,0,0,0,0,0.0,12,12.0,0.0,1,1,10.0,7.0,2.4,0,0,0.0,0.0,0,0,,1,0,-0.73,0,56.6,0,0,1,0.0,,39.6,0.0,0,0,0,0,0,0,0.0,0,0.0,66.7,3,3,30.0,12.3,3.47,0,0,0.0,66.7,2,0,0.0,3,0,0.18,2,42.8,0,0,4,66.7,,96.5,0.0,0,0,0,0,0,1,25.0,28,9.3,0,100.0,1,1,10.0,-3.0,4.0,0,0,0.0,100.0,1,0,0.0,1,0,0.03,0,60.6,0,0,1,100.0,,100.0,0.0,0,0,0,0,0,0,0.0,8,8.0,,0,0,0.0,,,0,0,,,0,0,,0,0,0.0,0,,0,0,0,,,0.0,,0,0,0,0,0,0,,0,,50.0,2,2,20.0,13.5,3.55,0,0,0.0,50.0,1,0,0.0,2,0,-0.17,1,30.0,0,0,3,50.0,,77.1,0.0,0,0,0,0,0,1,33.3,16,8.0,,0,0,0.0,,,0,0,,,0,0,,0,0,0.0,0,,0,0,0,,,0.0,,0,0,0,0,0,0,,0,,66.7,3,3,30.0,5.7,2.2,0,0,0.0,66.7,2,0,0.0,3,0,0.5,1,59.0,0,0,3,66.7,,82.6,0.0,0,0,0,0,0,0,0.0,18,6.0
Jalen Kitna,146688,QB,AIN HULA,1,11,12,100.0,1,1,9.1,-1.0,3.2,0,0,0.0,100.0,1,0,0.0,1,0,0.14,0,60.6,0,0,1,100.0,,87.5,0.0,0,0,0,0,0,0,0.0,5,5.0,,0,0,0.0,,,0,0,,,0,0,,0,0,0.0,0,,0,0,0,,,0.0,,0,0,0,0,0,0,,0,,,0,0,0.0,,,0,0,,,0,0,,0,0,0.0,0,,0,0,0,,,0.0,,0,0,0,0,0,0,,0,,66.7,3,3,27.3,13.3,2.53,0,0,0.0,66.7,2,1,0.0,3,0,0.34,2,46.8,0,0,3,66.7,0.0,109.7,0.0,0,0,0,0,0,1,33.3,40,13.3,50.0,2,2,18.2,2.5,1.75,0,0,0.0,50.0,1,1,0.0,2,0,-0.27,0,54.6,0,0,2,50.0,0.0,56.3,0.0,0,0,0,0,0,0,0.0,6,3.0,0,,0,0,0.0,,,0,0,,,0,0,,0,0,0.0,0,,0,0,0,,,0.0,,0,0,0,0,0,0,,0,,1447,,0,0,0.0,,,0,0,,,0,0,,0,0,0.0,0,,0,0,0,,,0.0,,0,0,0,0,0,0,,0,,,0,0,0.0,,,0,0,,,0,0,,0,0,0.0,0,,0,0,0,,,0.0,,0,0,0,0,0,0,,0,,,0,0,0.0,,,0,0,,,0,0,,0,0,0.0,0,,0,0,0,,,0.0,,0,0,0,0,0,0,,0,,0.0,2,2,18.2,6.5,2.05,0,0,0.0,0.0,0,0,,2,0,-0.35,0,42.5,0,0,2,0.0,,39.6,0.0,0,0,0,0,0,1,50.0,0,0.0,40.0,5,5,45.5,13.0,3.3,0,0,0.0,40.0,2,3,0.0,5,0,-0.11,2,35.5,0,0,5,40.0,0.0,68.8,0.0,0,0,0,0,0,1,20.0,40,8.0,0,100.0,1,1,9.1,-1.0,3.2,0,0,0.0,100.0,1,0,0.0,1,0,0.14,0,60.6,0,0,1,100.0,,87.5,0.0,0,0,0,0,0,0,0.0,5,5.0,,0,0,0.0,,,0,0,,,0,0,,0,0,0.0,0,,0,0,0,,,0.0,,0,0,0,0,0,0,,0,,0.0,2,2,18.2,12.5,4.45,0,0,0.0,0.0,0,2,,2,0,-0.78,0,37.8,0,0,2,0.0,0.0,39.6,0.0,0,0,0,0,0,0,0.0,0,0.0,,0,0,0.0,,,0,0,,,0,0,,0,0,0.0,0,,0,0,0,,,0.0,,0,0,0,0,0,0,,0,,25.0,4,4,36.4,4.5,1.9,0,0,0.0,25.0,1,1,0.0,4,0,-0.31,0,40.2,0,0,4,25.0,0.0,39.6,0.0,0,0,0,0,0,1,25.0,6,1.5
William Atkins IV,148354,QB,HBCUGA,1,11,11,100.0,1,1,9.1,-1.0,2.2,0,0,0.0,100.0,1,0,0.0,1,0,2.24,1,61.0,0,0,1,100.0,,118.8,0.0,0,0,0,0,0,0,0.0,13,13.0,,0,0,0.0,,,0,0,,,0,0,,0,0,0.0,0,,0,0,0,,,0.0,,0,0,0,0,0,0,,0,,0.0,1,1,9.1,21.0,3.0,0,0,0.0,0.0,0,0,,1,0,-0.57,0,66.1,0,0,2,0.0,,39.6,0.0,0,0,0,0,0,0,0.0,0,0.0,50.0,2,2,18.2,12.0,2.6,0,0,0.0,50.0,1,0,0.0,2,0,0.35,1,67.3,0,0,2,50.0,,87.5,0.0,0,0,0,0,0,0,0.0,21,10.5,100.0,1,1,9.1,1.0,2.6,0,0,0.0,100.0,1,0,0.0,1,0,0.56,0,60.4,0,0,1,100.0,,91.7,0.0,0,0,0,0,0,0,0.0,6,6.0,0,0.0,1,1,9.1,21.0,3.0,0,0,0.0,0.0,0,0,,1,0,-0.57,0,62.3,0,0,4,0.0,,39.6,0.0,0,0,0,0,0,0,0.0,0,0.0,1459,,0,0,0.0,,,0,0,,,0,0,,0,0,0.0,0,,0,0,0,,,0.0,,0,0,0,0,0,0,,0,,,0,0,0.0,,,0,0,0.0,,0,0,,0,0,0.0,0,58.0,0,0,1,,,0.0,,0,0,0,0,0,0,0.0,0,,100.0,3,3,27.3,13.3,3.43,0,0,0.0,100.0,3,3,0.0,3,0,1.11,2,91.0,0,0,3,100.0,0.0,118.8,0.0,0,0,0,0,0,0,0.0,42,14.0,0.0,2,2,18.2,7.0,2.7,0,0,0.0,0.0,0,0,,2,0,-1.1,0,47.3,0,0,2,0.0,,39.6,0.0,0,0,0,0,0,0,0.0,0,0.0,80.0,5,5,45.5,12.8,3.1,0,0,0.0,80.0,4,3,0.0,5,0,0.81,3,90.1,0,0,5,80.0,0.0,118.8,0.0,0,0,0,0,0,0,0.0,63,12.6,0,100.0,1,1,9.1,-1.0,2.2,0,0,0.0,100.0,1,0,0.0,1,0,2.24,1,61.0,0,0,1,100.0,,118.8,0.0,0,0,0,0,0,0,0.0,13,13.0,,0,0,0.0,,,0,0,0.0,,0,0,,0,0,0.0,0,58.9,0,0,1,,,0.0,,0,0,0,0,0,0,0.0,0,,,0,0,0.0,,,0,0,,,0,0,,0,0,0.0,0,,0,0,0,,,0.0,,0,0,0,0,0,0,,0,,,0,0,0.0,,,0,0,,,0,0,,0,0,0.0,0,,0,0,0,,,0.0,,0,0,0,0,0,0,,0,,33.3,3,3,27.3,5.0,2.67,0,0,0.0,33.3,1,0,0.0,3,0,-0.55,0,49.4,0,0,3,33.3,,42.4,0.0,0,0,0,0,0,0,0.0,6,2.0
Blake Shapen,122282,QB,KAI HULA,1,9,11,100.0,1,1,11.1,-5.0,2.4,0,0,0.0,100.0,1,0,0.0,1,0,-1.27,0,61.0,0,0,1,0.0,,79.2,0.0,0,0,0,0,0,0,0.0,-2,-2.0,100.0,1,1,11.1,-5.0,2.4,0,0,0.0,100.0,1,0,0.0,1,0,-1.27,0,61.0,0,0,1,0.0,,79.2,0.0,0,0,0,0,0,0,0.0,-2,-2.0,100.0,1,1,11.1,25.0,2.7,0,1,100.0,100.0,1,0,0.0,1,0,3.89,1,88.1,0,0,1,100.0,,158.3,0.0,0,0,0,0,1,0,0.0,37,37.0,100.0,1,1,11.1,15.0,2.7,0,0,0.0,100.0,1,1,0.0,1,0,2.41,1,73.1,0,0,1,100.0,0.0,118.8,0.0,0,0,0,0,0,0,0.0,25,25.0,100.0,3,3,33.3,3.7,2.2,0,0,0.0,100.0,3,0,0.0,3,0,-0.05,1,63.9,0,0,3,33.3,,95.8,0.0,0,0,0,0,0,0,0.0,21,7.0,0,50.0,2,2,22.2,30.5,2.6,0,1,50.0,50.0,1,0,0.0,2,0,1.45,1,77.8,0,0,2,50.0,,135.4,0.0,0,0,0,0,1,0,0.0,37,18.5,1446,,0,0,0.0,,,0,0,,,0,0,,0,0,0.0,0,,0,0,0,,,0.0,,0,0,0,0,0,0,,0,,0.0,1,1,11.1,36.0,2.5,0,0,0.0,0.0,0,0,,1,0,-0.99,0,51.3,0,0,1,0.0,,39.6,0.0,0,0,0,0,0,0,0.0,0,0.0,,0,0,0.0,,,0,0,,,0,0,,0,0,0.0,0,,0,0,0,,,0.0,,0,0,0,0,0,0,,0,,,0,0,0.0,,,0,0,,,0,0,,0,0,0.0,0,,0,0,0,,,0.0,,0,0,0,0,0,0,,0,,100.0,1,1,11.1,15.0,2.7,0,0,0.0,100.0,1,1,0.0,1,0,2.41,1,73.1,0,0,1,100.0,0.0,118.8,0.0,0,0,0,0,0,0,0.0,25,25.0,0,,0,0,0.0,,,0,0,,,0,0,,0,0,0.0,0,,0,0,0,,,0.0,,0,0,0,0,0,0,,0,,,0,0,0.0,,,0,0,,,0,0,,0,0,0.0,0,,0,0,0,,,0.0,,0,0,0,0,0,0,,0,,,0,0,0.0,,,0,0,,,0,0,,0,0,0.0,0,,0,0,0,,,0.0,,0,0,0,0,0,0,,0,,100.0,1,1,11.1,0.0,2.9,0,0,0.0,100.0,1,0,0.0,1,0,-0.54,0,60.4,0,0,1,0.0,,79.2,0.0,0,0,0,0,0,0,0.0,0,0.0,100.0,4,4,44.4,2.8,2.38,0,0,0.0,100.0,4,0,0.0,4,0,-0.17,1,64.8,0,0,4,25.0,,88.5,0.0,0,0,0,0,0,0,0.0,21,5.3
Luke Altmyer,146802,QB,AMER SENR,1,8,11,50.0,2,2,25.0,-4.5,2.35,0,0,0.0,50.0,1,0,0.0,2,0,-0.2,0,54.5,0,0,2,0.0,,56.3,0.0,0,0,0,0,0,0,0.0,2,1.0,50.0,2,2,25.0,-4.5,2.35,0,0,0.0,50.0,1,0,0.0,2,0,-0.2,0,54.5,0,0,2,0.0,,56.3,0.0,0,0,0,0,0,0,0.0,2,1.0,,0,0,0.0,,,0,1,100.0,,0,0,,0,0,0.0,0,88.1,0,0,1,,,0.0,,0,0,0,0,0,0,0.0,0,,0.0,1,1,12.5,14.0,2.8,0,0,0.0,0.0,0,1,,1,0,-0.6,0,48.5,0,0,1,0.0,0.0,39.6,0.0,0,0,0,0,0,0,0.0,0,0.0,100.0,3,3,37.5,3.3,2.83,0,0,0.0,100.0,3,1,0.0,3,0,-0.38,0,63.8,0,0,3,33.3,0.0,84.7,0.0,0,0,0,0,0,0,0.0,13,4.3,0,,0,0,0.0,,,0,1,100.0,,0,0,,0,0,0.0,0,88.1,0,0,1,,,0.0,,0,0,0,0,0,0,0.0,0,,357,,0,0,0.0,,,0,0,,,0,0,,0,0,0.0,0,,0,0,0,,,0.0,,0,0,0,0,0,0,,0,,,0,0,0.0,,,0,0,,,0,0,,0,0,0.0,0,,0,0,0,,,0.0,,0,0,0,0,0,0,,0,,,0,0,0.0,,,0,0,,,0,0,,0,0,0.0,0,,0,0,0,,,0.0,,0,0,0,0,0,0,,0,,,0,0,0.0,,,0,0,,,0,0,,0,0,0.0,0,,0,0,0,,,0.0,,0,0,0,0,0,0,,0,,0.0,1,1,12.5,14.0,2.8,0,0,0.0,0.0,0,1,,1,0,-0.6,0,39.0,0,0,2,0.0,0.0,39.6,0.0,0,0,0,0,0,0,0.0,0,0.0,0,,0,0,0.0,,,0,0,,,0,0,,0,0,0.0,0,,0,0,0,,,0.0,,0,0,0,0,0,0,,0,,,0,0,0.0,,,0,0,,,0,0,,0,0,0.0,0,,0,0,0,,,0.0,,0,0,0,0,0,0,,0,,,0,0,0.0,,,0,0,0.0,,0,0,,0,0,0.0,0,48.5,0,0,1,,,0.0,,0,0,0,0,0,0,0.0,0,,100.0,1,1,12.5,4.0,1.9,0,0,0.0,100.0,1,0,0.0,1,0,0.19,0,60.4,0,0,1,100.0,,91.7,0.0,0,0,0,0,0,0,0.0,6,6.0,100.0,4,4,50.0,3.5,2.6,0,0,0.0,100.0,4,1,0.0,4,0,-0.24,0,64.7,0,0,4,50.0,0.0,86.5,0.0,0,0,0,0,0,0,0.0,19,4.8
Walker Harris,150449,QB,HBCUGA,1,9,10,0.0,1,1,11.1,-3.0,2.5,0,0,0.0,0.0,0,1,,1,0,-1.0,0,56.8,0,0,1,0.0,0.0,39.6,0.0,0,0,0,0,0,0,0.0,0,0.0,0.0,1,1,11.1,-3.0,2.5,0,0,0.0,0.0,0,1,,1,0,-1.0,0,56.8,0,0,1,0.0,0.0,39.6,0.0,0,0,0,0,0,0,0.0,0,0.0,,0,0,0.0,,,0,0,,,0,0,,0,0,0.0,0,,0,0,0,,,0.0,,0,0,0,0,0,0,,0,,75.0,4,4,44.4,11.5,2.0,0,0,0.0,75.0,3,1,0.0,4,0,1.26,3,83.0,0,0,4,75.0,0.0,113.5,0.0,0,0,0,0,0,0,0.0,47,11.8,100.0,1,1,11.1,0.0,2.0,0,0,0.0,100.0,1,0,0.0,1,0,-0.77,0,60.4,0,0,1,0.0,,79.2,0.0,0,0,0,0,0,0,0.0,1,1.0,0,0.0,1,1,11.1,27.0,2.1,0,0,0.0,0.0,0,0,,1,0,-1.24,0,59.9,0,0,1,0.0,,39.6,0.0,0,0,0,0,0,0,0.0,0,0.0,1459,,0,0,0.0,,,0,0,,,0,0,,0,0,0.0,0,,0,0,0,,,0.0,,0,0,0,0,0,0,,0,,0.0,1,1,11.1,27.0,2.1,0,0,0.0,0.0,0,0,,1,0,-1.24,0,59.9,0,0,1,0.0,,39.6,0.0,0,0,0,0,0,0,0.0,0,0.0,0.0,1,1,11.1,16.0,2.0,0,0,0.0,0.0,0,0,,1,0,-1.04,0,52.6,0,0,2,0.0,,39.6,0.0,0,0,0,0,0,0,0.0,0,0.0,,0,0,0.0,,,0,0,,,0,0,,0,0,0.0,0,,0,0,0,,,0.0,,0,0,0,0,0,0,,0,,50.0,6,6,66.7,12.0,2.03,0,0,0.0,50.0,3,2,0.0,6,0,0.28,3,71.0,0,1,7,50.0,0.0,36.8,0.0,0,0,0,0,0,0,0.0,47,7.8,0,,0,0,0.0,,,0,0,,,0,0,,0,0,0.0,0,,0,0,0,,,0.0,,0,0,0,0,0,0,,0,,,0,0,0.0,,,0,0,,,0,0,,0,0,0.0,0,,0,0,0,,,0.0,,0,0,0,0,0,0,,0,,0.0,1,1,11.1,10.0,2.2,0,0,0.0,0.0,0,1,,1,0,-2.28,0,56.6,0,1,1,0.0,0.0,0.0,0.0,0,0,0,0,0,0,0.0,0,0.0,,0,0,0.0,,,0,0,,,0,0,,0,0,0.0,0,,0,0,0,,,0.0,,0,0,0,0,0,0,,0,,100.0,1,1,11.1,0.0,2.0,0,0,0.0,100.0,1,0,0.0,1,0,-0.77,0,60.4,0,0,1,0.0,,79.2,0.0,0,0,0,0,0,0,0.0,1,1.0
Noah Bodden,150881,QB,HBCURO,1,7,8,,0,0,0.0,,,0,0,,,0,0,,0,0,0.0,0,,0,0,0,,,0.0,,0,0,0,0,0,0,,0,,,0,0,0.0,,,0,0,,,0,0,,0,0,0.0,0,,0,0,0,,,0.0,,0,0,0,0,0,0,,0,,100.0,1,1,14.3,21.0,2.3,0,0,0.0,100.0,1,1,0.0,1,0,1.66,1,76.6,0,0,1,100.0,0.0,118.8,0.0,0,0,0,0,0,0,0.0,21,21.0,0.0,1,1,14.3,13.0,2.2,0,0,0.0,0.0,0,0,,1,0,-0.69,0,33.8,0,0,1,0.0,,39.6,0.0,0,0,0,0,0,1,100.0,0,0.0,0.0,1,1,14.3,4.0,1.4,0,0,0.0,0.0,0,0,,1,0,-10.46,0,60.4,0,1,1,0.0,,0.0,0.0,0,0,0,0,0,0,0.0,0,0.0,0,100.0,2,2,28.6,23.5,3.2,0,1,50.0,50.0,1,2,50.0,2,1,0.64,1,92.7,0,0,2,50.0,0.0,87.5,0.0,0,0,0,0,0,0,0.0,21,10.5,1460,,0,0,0.0,,,0,0,,,0,0,,0,0,0.0,0,,0,0,0,,,0.0,,0,0,0,0,0,0,,0,,,0,0,0.0,,,0,0,,,0,0,,0,0,0.0,0,,0,0,0,,,0.0,,0,0,0,0,0,0,,0,,,0,0,0.0,,,0,0,,,0,0,,0,0,0.0,0,,0,0,0,,,0.0,,0,0,0,0,0,0,,0,,100.0,1,1,14.3,1.0,1.9,0,0,0.0,0.0,0,0,100.0,1,1,-0.49,0,60.6,0,0,1,0.0,,39.6,0.0,0,0,0,0,0,0,0.0,0,0.0,0.0,1,1,14.3,13.0,2.2,0,0,0.0,0.0,0,0,,1,0,-0.69,0,33.8,0,0,1,0.0,,39.6,0.0,0,0,0,0,0,1,100.0,0,0.0,0,,0,0,0.0,,,0,0,,,0,0,,0,0,0.0,0,,0,0,0,,,0.0,,0,0,0,0,0,0,,0,,100.0,1,1,14.3,26.0,4.1,0,1,100.0,0.0,0,1,100.0,1,1,-0.38,0,87.7,0,0,1,0.0,0.0,39.6,0.0,0,0,0,0,0,0,0.0,0,0.0,,0,0,0.0,,,0,0,,,0,0,,0,0,0.0,0,,0,0,0,,,0.0,,0,0,0,0,0,0,,0,,50.0,2,2,28.6,5.0,1.6,0,0,0.0,50.0,1,0,0.0,2,0,-0.32,0,47.5,0,0,2,50.0,,56.3,0.0,0,0,0,0,0,0,0.0,4,2.0,50.0,4,4,57.1,3.8,1.63,0,0,0.0,25.0,1,0,50.0,4,1,-2.9,0,51.6,0,1,4,25.0,,0.0,0.0,0,0,0,0,0,0,0.0,4,1.0
Derek Robertson,142298,QB,AIN HULA,1,8,8,100.0,2,2,25.0,-2.0,2.15,0,0,0.0,100.0,2,0,0.0,2,0,0.7,1,62.6,0,0,2,50.0,,102.1,0.0,0,0,0,0,0,0,0.0,17,8.5,100.0,2,2,25.0,-2.0,2.15,0,0,0.0,100.0,2,0,0.0,2,0,0.7,1,62.6,0,0,2,50.0,,102.1,0.0,0,0,0,0,0,0,0.0,17,8.5,,0,0,0.0,,,0,0,,,0,0,,0,0,0.0,0,,0,0,0,,,0.0,,0,0,0,0,0,0,,0,,33.3,3,3,37.5,12.7,3.2,0,0,0.0,33.3,1,1,0.0,3,0,-0.38,1,57.3,0,0,3,33.3,0.0,43.8,0.0,0,0,0,0,0,0,0.0,10,3.3,66.7,3,3,37.5,2.3,2.33,0,0,0.0,66.7,2,1,0.0,3,0,0.66,2,64.7,0,0,4,66.7,0.0,91.0,0.0,0,0,0,0,0,0,0.0,24,8.0,0,,0,0,0.0,,,0,0,,,0,0,,0,0,0.0,0,,0,0,0,,,0.0,,0,0,0,0,0,0,,0,,1447,,0,0,0.0,,,0,0,,,0,0,,0,0,0.0,0,,0,0,0,,,0.0,,0,0,0,0,0,0,,0,,,0,0,0.0,,,0,0,,,0,0,,0,0,0.0,0,,0,0,0,,,0.0,,0,0,0,0,0,0,,0,,,0,0,0.0,,,0,0,,,0,0,,0,0,0.0,0,,0,0,0,,,0.0,,0,0,0,0,0,0,,0,,,0,0,0.0,,,0,0,,,0,0,,0,0,0.0,0,,0,0,0,,,0.0,,0,0,0,0,0,0,,0,,33.3,3,3,37.5,12.7,3.2,0,0,0.0,33.3,1,1,0.0,3,0,-0.38,1,57.3,0,0,3,33.3,0.0,43.8,0.0,0,0,0,0,0,0,0.0,10,3.3,0,,0,0,0.0,,,0,0,,,0,0,,0,0,0.0,0,,0,0,0,,,0.0,,0,0,0,0,0,0,,0,,,0,0,0.0,,,0,0,,,0,0,,0,0,0.0,0,,0,0,0,,,0.0,,0,0,0,0,0,0,,0,,,0,0,0.0,,,0,0,,,0,0,,0,0,0.0,0,,0,0,0,,,0.0,,0,0,0,0,0,0,,0,,,0,0,0.0,,,0,0,,,0,0,,0,0,0.0,0,,0,0,0,,,0.0,,0,0,0,0,0,0,,0,,66.7,3,3,37.5,2.3,2.33,0,0,0.0,66.7,2,1,0.0,3,0,0.66,2,64.7,0,0,4,66.7,0.0,91.0,0.0,0,0,0,0,0,0,0.0,24,8.0
Garrett Nussmeier,146757,QB,AMER SENR,1,8,8,,0,0,0.0,,,0,0,,,0,0,,0,0,0.0,0,,0,0,0,,,0.0,,0,0,0,0,0,0,,0,,,0,0,0.0,,,0,0,,,0,0,,0,0,0.0,0,,0,0,0,,,0.0,,0,0,0,0,0,0,,0,,100.0,1,1,12.5,20.0,2.2,0,0,0.0,0.0,0,0,100.0,1,1,-2.72,0,76.6,0,1,1,0.0,,0.0,0.0,0,0,0,0,0,0,0.0,0,0.0,100.0,1,1,12.5,17.0,3.4,0,0,0.0,100.0,1,1,0.0,1,0,1.47,1,86.1,0,0,2,100.0,0.0,118.8,0.0,0,0,0,0,0,0,0.0,19,19.0,100.0,2,2,25.0,7.0,2.25,0,0,0.0,100.0,2,0,0.0,2,0,1.45,1,52.4,0,0,3,100.0,,108.3,0.0,0,0,0,0,0,0,0.0,20,10.0,0,100.0,1,1,12.5,20.0,2.2,0,0,0.0,0.0,0,0,100.0,1,1,-2.72,0,76.6,0,1,1,0.0,,0.0,0.0,0,0,0,0,0,0,0.0,0,0.0,357,,0,0,0.0,,,0,0,,,0,0,,0,0,0.0,0,,0,0,0,,,0.0,,0,0,0,0,0,0,,0,,,0,0,0.0,,,0,0,,,0,0,,0,0,0.0,0,,0,0,0,,,0.0,,0,0,0,0,0,0,,0,,,0,0,0.0,,,0,0,,,0,0,,0,0,0.0,0,,0,0,0,,,0.0,,0,0,0,0,0,0,,0,,,0,0,0.0,,,0,0,,,0,0,,0,0,0.0,0,,0,0,0,,,0.0,,0,0,0,0,0,0,,0,,100.0,2,2,25.0,14.5,3.0,0,0,0.0,100.0,2,2,0.0,2,0,1.03,2,90.5,0,0,3,100.0,0.0,118.8,0.0,0,0,0,0,0,0,0.0,31,15.5,0,,0,0,0.0,,,0,0,,,0,0,,0,0,0.0,0,,0,0,0,,,0.0,,0,0,0,0,0,0,,0,,,0,0,0.0,,,0,0,,,0,0,,0,0,0.0,0,,0,0,0,,,0.0,,0,0,0,0,0,0,,0,,100.0,1,1,12.5,12.0,2.6,0,0,0.0,100.0,1,1,0.0,1,0,0.6,1,72.6,0,0,1,100.0,0.0,116.7,0.0,0,0,0,0,0,0,0.0,12,12.0,100.0,2,2,25.0,1.5,1.8,0,0,0.0,50.0,1,0,50.0,2,1,-0.55,0,62.6,0,0,2,0.0,,56.3,0.0,0,0,0,0,0,0,0.0,6,3.0,100.0,4,4,50.0,4.3,2.03,0,0,0.0,75.0,3,0,25.0,4,1,0.45,1,55.3,0,0,5,50.0,,91.7,0.0,0,0,0,0,0,0,0.0,26,6.5
Tommy Castellanos,158433,QB,GUAR AMER,1,7,8,0.0,1,1,14.3,-1.0,1.4,0,0,0.0,0.0,0,0,,1,0,-0.75,0,57.7,0,0,1,0.0,,39.6,0.0,0,0,0,0,0,0,0.0,0,0.0,0.0,1,1,14.3,-1.0,1.4,0,0,0.0,0.0,0,0,,1,0,-0.75,0,57.7,0,0,1,0.0,,39.6,0.0,0,0,0,0,0,0,0.0,0,0.0,100.0,1,1,14.3,24.0,6.0,0,0,0.0,0.0,0,1,100.0,1,1,0.0,0,50.8,0,0,1,0.0,0.0,39.6,0.0,0,0,0,0,0,0,0.0,0,0.0,,0,0,0.0,,,0,0,,,0,0,,0,0,0.0,0,,0,0,0,,,0.0,,0,0,0,0,0,0,,0,,100.0,1,1,14.3,4.0,2.4,0,0,0.0,100.0,1,0,0.0,1,0,1.7,1,52.7,0,0,1,100.0,,95.8,0.0,0,0,0,0,0,0,0.0,7,7.0,0,33.3,3,3,42.9,29.7,4.57,0,0,0.0,0.0,0,1,100.0,3,1,-0.24,0,29.3,0,0,3,0.0,0.0,39.6,0.0,0,0,0,0,0,1,33.3,0,0.0,1541,,0,0,0.0,,,0,0,,,0,0,,0,0,0.0,0,,0,0,0,,,0.0,,0,0,0,0,0,0,,0,,0.0,1,1,14.3,26.0,2.5,0,0,0.0,0.0,0,0,,1,0,-0.62,0,37.5,0,0,1,0.0,,39.6,0.0,0,0,0,0,0,1,100.0,0,0.0,,0,0,0.0,,,0,0,,,0,0,,0,0,0.0,0,,0,0,0,,,0.0,,0,0,0,0,0,0,,0,,,0,0,0.0,,,0,0,,,0,0,,0,0,0.0,0,,0,0,0,,,0.0,,0,0,0,0,0,0,,0,,100.0,1,1,14.3,11.0,4.1,0,0,0.0,100.0,1,0,0.0,1,0,0.81,1,72.6,0,0,1,100.0,,112.5,0.0,0,0,0,0,0,0,0.0,11,11.0,0,,0,0,0.0,,,0,0,,,0,0,,0,0,0.0,0,,0,0,0,,,0.0,,0,0,0,0,0,0,,0,,0.0,1,1,14.3,39.0,5.2,0,0,0.0,0.0,0,0,,1,0,-0.11,0,49.9,0,0,1,0.0,,39.6,0.0,0,0,0,0,0,0,0.0,0,0.0,100.0,1,1,14.3,11.0,4.1,0,0,0.0,100.0,1,0,0.0,1,0,0.81,1,72.6,0,0,1,100.0,,112.5,0.0,0,0,0,0,0,0,0.0,11,11.0,,0,0,0.0,,,0,0,,,0,0,,0,0,0.0,0,,0,0,0,,,0.0,,0,0,0,0,0,0,,0,,100.0,1,1,14.3,4.0,2.4,0,0,0.0,100.0,1,0,0.0,1,0,1.7,1,52.7,0,0,1,100.0,,95.8,0.0,0,0,0,0,0,0,0.0,7,7.0
Haynes King,124329,QB,WEST SHRNE,1,7,8,,0,0,0.0,,,0,0,,,0,0,,0,0,0.0,0,,0,0,0,,,0.0,,0,0,0,0,0,0,,0,,,0,0,0.0,,,0,0,,,0,0,,0,0,0.0,0,,0,0,0,,,0.0,,0,0,0,0,0,0,,0,,,0,0,0.0,,,0,0,,,0,0,,0,0,0.0,0,,0,0,0,,,0.0,,0,0,0,0,0,0,,0,,0.0,1,1,14.3,10.0,2.5,0,0,0.0,0.0,0,0,,1,0,-1.22,0,55.3,0,0,1,0.0,,39.6,0.0,0,0,0,0,0,0,0.0,0,0.0,80.0,5,5,71.4,3.4,3.14,0,0,0.0,80.0,4,1,0.0,5,0,0.4,2,79.2,0,0,5,60.0,0.0,100.0,0.0,0,0,0,0,0,0,0.0,40,8.0,0,0.0,1,1,14.3,22.0,2.4,0,0,0.0,0.0,0,0,,1,0,-1.16,0,51.9,0,0,1,0.0,,39.6,0.0,0,0,0,0,0,0,0.0,0,0.0,355,,0,0,0.0,,,0,0,,,0,0,,0,0,0.0,0,,0,0,0,,,0.0,,0,0,0,0,0,0,,0,,0.0,1,1,14.3,22.0,2.4,0,0,0.0,0.0,0,0,,1,0,-1.16,0,51.9,0,0,1,0.0,,39.6,0.0,0,0,0,0,0,0,0.0,0,0.0,,0,0,0.0,,,0,0,,,0,0,,0,0,0.0,0,,0,0,0,,,0.0,,0,0,0,0,0,0,,0,,,0,0,0.0,,,0,0,,,0,0,,0,0,0.0,0,,0,0,0,,,0.0,,0,0,0,0,0,0,,0,,0.0,1,1,14.3,10.0,2.5,0,0,0.0,0.0,0,0,,1,0,-1.22,0,55.3,0,0,1,0.0,,39.6,0.0,0,0,0,0,0,0,0.0,0,0.0,0,,0,0,0.0,,,0,0,,,0,0,,0,0,0.0,0,,0,0,0,,,0.0,,0,0,0,0,0,0,,0,,,0,0,0.0,,,0,0,,,0,0,,0,0,0.0,0,,0,0,0,,,0.0,,0,0,0,0,0,0,,0,,,0,0,0.0,,,0,0,,,0,0,,0,0,0.0,0,,0,0,0,,,0.0,,0,0,0,0,0,0,,0,,,0,0,0.0,,,0,0,,,0,0,,0,0,0.0,0,,0,0,0,,,0.0,,0,0,0,0,0,0,,0,,80.0,5,5,71.4,3.4,3.14,0,0,0.0,80.0,4,1,0.0,5,0,0.4,2,79.2,0,0,5,60.0,0.0,100.0,0.0,0,0,0,0,0,0,0.0,40,8.0
Athan Kaliakmanis,144971,QB,WRHK AMER,1,7,8,100.0,1,1,14.3,-3.0,3.5,0,0,0.0,100.0,1,1,0.0,1,0,1.61,1,61.0,0,0,1,100.0,0.0,104.2,0.0,0,0,0,0,0,0,0.0,9,9.0,100.0,1,1,14.3,-3.0,3.5,0,0,0.0,100.0,1,1,0.0,1,0,1.61,1,61.0,0,0,1,100.0,0.0,104.2,0.0,0,0,0,0,0,0,0.0,9,9.0,,0,0,0.0,,,0,0,,,0,0,,0,0,0.0,0,,0,0,0,,,0.0,,0,0,0,0,0,0,,0,,,0,0,0.0,,,0,0,,,0,0,,0,0,0.0,0,,0,0,0,,,0.0,,0,0,0,0,0,0,,0,,100.0,2,2,28.6,4.0,2.25,0,0,0.0,100.0,2,0,0.0,2,0,0.12,0,62.3,0,0,2,50.0,,89.6,0.0,0,0,0,0,0,0,0.0,11,5.5,0,0.0,1,1,14.3,23.0,2.5,0,0,0.0,0.0,0,1,,1,0,-0.7,0,50.8,0,0,1,0.0,0.0,39.6,0.0,0,0,0,0,0,0,0.0,0,0.0,1542,,0,0,0.0,,,0,0,,,0,0,,0,0,0.0,0,,0,0,0,,,0.0,,0,0,0,0,0,0,,0,,,0,0,0.0,,,0,0,,,0,0,,0,0,0.0,0,,0,0,0,,,0.0,,0,0,0,0,0,0,,0,,,0,0,0.0,,,0,0,,,0,0,,0,0,0.0,0,,0,0,0,,,0.0,,0,0,0,0,0,0,,0,,,0,0,0.0,,,0,0,,,0,0,,0,0,0.0,0,,0,0,0,,,0.0,,0,0,0,0,0,0,,0,,0.0,1,1,14.3,17.0,2.0,0,0,0.0,0.0,0,0,,1,0,-0.61,0,47.3,0,0,1,0.0,,39.6,0.0,0,0,0,0,0,0,0.0,0,0.0,0,,0,0,0.0,,,0,0,,,0,0,,0,0,0.0,0,,0,0,0,,,0.0,,0,0,0,0,0,0,,0,,0.0,1,1,14.3,23.0,2.5,0,0,0.0,0.0,0,1,,1,0,-0.7,0,50.8,0,0,1,0.0,0.0,39.6,0.0,0,0,0,0,0,0,0.0,0,0.0,0.0,1,1,14.3,17.0,2.0,0,0,0.0,0.0,0,0,,1,0,-0.61,0,47.3,0,0,1,0.0,,39.6,0.0,0,0,0,0,0,0,0.0,0,0.0,,0,0,0.0,,,0,0,,,0,0,,0,0,0.0,0,,0,0,0,,,0.0,,0,0,0,0,0,0,,0,,100.0,2,2,28.6,4.0,2.25,0,0,0.0,100.0,2,0,0.0,2,0,0.12,0,62.3,0,0,2,50.0,,89.6,0.0,0,0,0,0,0,0,0.0,11,5.5
Joe Fagnano,104768,QB,WEST SHRNE,1,5,8,100.0,1,1,20.0,-7.0,2.1,0,0,0.0,100.0,1,0,0.0,1,0,-0.8,0,60.4,0,0,1,0.0,,79.2,0.0,0,0,0,0,0,0,0.0,-2,-2.0,100.0,1,1,20.0,-7.0,2.1,0,0,0.0,100.0,1,0,0.0,1,0,-0.8,0,60.4,0,0,1,0.0,,79.2,0.0,0,0,0,0,0,0,0.0,-2,-2.0,,0,0,0.0,,,0,0,,,0,0,,0,0,0.0,0,,0,0,0,,,0.0,,0,0,0,0,0,0,,0,,,0,0,0.0,,,0,0,,,0,0,,0,0,0.0,0,,0,0,0,,,0.0,,0,0,0,0,0,0,,0,,,0,0,0.0,,,0,0,,,0,0,,0,0,0.0,0,,0,0,0,,,0.0,,0,0,0,0,0,0,,0,,0,,0,0,0.0,,,0,0,,,0,0,,0,0,0.0,0,,0,0,0,,,0.0,,0,0,0,0,0,0,,0,,355,,0,0,0.0,,,0,0,,,0,0,,0,0,0.0,0,,0,0,0,,,0.0,,0,0,0,0,0,0,,0,,,0,0,0.0,,,0,0,,,0,0,,0,0,0.0,0,,0,0,0,,,0.0,,0,0,0,0,0,0,,0,,,0,0,0.0,,,0,0,,,0,0,,0,0,0.0,0,,0,0,0,,,0.0,,0,0,0,0,0,0,,0,,100.0,1,1,20.0,9.0,2.1,0,0,0.0,100.0,1,1,0.0,1,0,-0.09,0,60.9,0,0,1,0.0,0.0,104.2,0.0,0,0,0,0,0,0,0.0,9,9.0,,0,0,0.0,,,0,0,,,0,0,,0,0,0.0,0,,0,0,0,,,0.0,,0,0,0,0,0,0,,0,,0,,0,0,0.0,,,0,0,,,0,0,,0,0,0.0,0,,0,0,0,,,0.0,,0,0,0,0,0,0,,0,,,0,0,0.0,,,0,0,,,0,0,,0,0,0.0,0,,0,0,0,,,0.0,,0,0,0,0,0,0,,0,,,0,0,0.0,,,0,0,,,0,0,,0,0,0.0,0,,0,0,0,,,0.0,,0,0,0,0,0,0,,0,,100.0,3,3,60.0,8.0,2.4,0,0,0.0,100.0,3,0,0.0,3,0,1.07,1,71.7,0,0,3,100.0,,109.7,0.0,0,0,0,0,0,0,0.0,31,10.3,100.0,4,4,80.0,8.3,2.33,0,0,0.0,100.0,4,1,0.0,4,0,0.78,1,70.9,0,0,4,75.0,0.0,108.3,0.0,0,0,0,0,0,0,0.0,40,10.0
Jack Strand,212592,QB,GUAR AMER,1,6,7,100.0,1,1,16.7,-2.0,1.2,0,0,0.0,100.0,1,0,0.0,1,0,0.71,1,60.4,0,0,1,100.0,,118.8,0.0,0,0,0,0,0,0,0.0,16,16.0,100.0,1,1,16.7,-2.0,1.2,0,0,0.0,100.0,1,0,0.0,1,0,0.71,1,60.4,0,0,1,100.0,,118.8,0.0,0,0,0,0,0,0,0.0,16,16.0,,0,0,0.0,,,0,0,,,0,0,,0,0,0.0,0,,0,0,0,,,0.0,,0,0,0,0,0,0,,0,,100.0,1,1,16.7,16.0,2.1,0,0,0.0,100.0,1,0,0.0,1,0,1.27,1,72.6,0,0,1,100.0,,118.8,0.0,0,0,0,0,0,0,0.0,19,19.0,,0,0,0.0,,,0,0,,,0,0,,0,0,0.0,0,,0,0,0,,,0.0,,0,0,0,0,0,0,,0,,0,0.0,1,1,16.7,20.0,2.8,0,0,0.0,0.0,0,0,,1,0,-1.24,0,51.9,0,0,1,0.0,,39.6,0.0,0,0,0,0,0,0,0.0,0,0.0,1541,,0,0,0.0,,,0,0,,,0,0,,0,0,0.0,0,,0,0,0,,,0.0,,0,0,0,0,0,0,,0,,,0,0,0.0,,,0,0,,,0,0,,0,0,0.0,0,,0,0,0,,,0.0,,0,0,0,0,0,0,,0,,,0,0,0.0,,,0,0,,,0,0,,0,0,0.0,0,,0,0,0,,,0.0,,0,0,0,0,0,0,,0,,,0,0,0.0,,,0,0,,,0,0,,0,0,0.0,0,,0,0,0,,,0.0,,0,0,0,0,0,0,,0,,100.0,1,1,16.7,16.0,2.1,0,0,0.0,100.0,1,0,0.0,1,0,1.27,1,72.6,0,0,1,100.0,,118.8,0.0,0,0,0,0,0,0,0.0,19,19.0,0,,0,0,0.0,,,0,0,,,0,0,,0,0,0.0,0,,0,0,0,,,0.0,,0,0,0,0,0,0,,0,,0.0,1,1,16.7,20.0,2.8,0,0,0.0,0.0,0,0,,1,0,-1.24,0,51.9,0,0,1,0.0,,39.6,0.0,0,0,0,0,0,0,0.0,0,0.0,,0,0,0.0,,,0,0,,,0,0,,0,0,0.0,0,,0,0,0,,,0.0,,0,0,0,0,0,0,,0,,,0,0,0.0,,,0,0,,,0,0,,0,0,0.0,0,,0,0,0,,,0.0,,0,0,0,0,0,0,,0,,,0,0,0.0,,,0,0,,,0,0,,0,0,0.0,0,,0,0,0,,,0.0,,0,0,0,0,0,0,,0,
Kelvin Durham,154094,QB,HBCUGA,1,7,7,,0,0,0.0,,,0,0,,,0,0,,0,0,0.0,0,,0,0,0,,,0.0,,0,0,0,0,0,0,,0,,,0,0,0.0,,,0,0,,,0,0,,0,0,0.0,0,,0,0,0,,,0.0,,0,0,0,0,0,0,,0,,,0,0,0.0,,,0,0,,,0,0,,0,0,0.0,0,,0,0,0,,,0.0,,0,0,0,0,0,0,,0,,0.0,1,1,14.3,12.0,2.1,0,0,0.0,0.0,0,1,,1,0,-5.08,0,24.0,0,1,1,0.0,0.0,0.0,0.0,0,0,0,0,0,1,100.0,0,0.0,66.7,3,3,42.9,3.0,1.87,0,0,0.0,66.7,2,0,0.0,3,0,0.47,1,62.8,0,0,3,66.7,,95.1,0.0,0,0,0,0,0,0,0.0,27,9.0,0,,0,0,0.0,,,0,0,,,0,0,,0,0,0.0,0,,0,0,0,,,0.0,,0,0,0,0,0,0,,0,,1459,,0,0,0.0,,,0,0,,,0,0,,0,0,0.0,0,,0,0,0,,,0.0,,0,0,0,0,0,0,,0,,,0,0,0.0,,,0,0,,,0,0,,0,0,0.0,0,,0,0,0,,,0.0,,0,0,0,0,0,0,,0,,100.0,1,1,14.3,12.0,1.4,0,0,0.0,100.0,1,0,0.0,1,0,1.79,1,72.6,0,0,1,100.0,,139.6,0.0,0,0,0,0,1,0,0.0,8,8.0,,0,0,0.0,,,0,0,,,0,0,,0,0,0.0,0,,0,0,0,,,0.0,,0,0,0,0,0,0,,0,,50.0,2,2,28.6,12.0,1.75,0,0,0.0,50.0,1,1,0.0,2,0,-1.65,1,27.3,0,1,2,50.0,0.0,60.4,0.0,0,0,0,0,1,1,50.0,8,4.0,0,,0,0,0.0,,,0,0,,,0,0,,0,0,0.0,0,,0,0,0,,,0.0,,0,0,0,0,0,0,,0,,,0,0,0.0,,,0,0,,,0,0,,0,0,0.0,0,,0,0,0,,,0.0,,0,0,0,0,0,0,,0,,,0,0,0.0,,,0,0,,,0,0,,0,0,0.0,0,,0,0,0,,,0.0,,0,0,0,0,0,0,,0,,0.0,1,1,14.3,9.0,1.5,0,0,0.0,0.0,0,0,,1,0,-1.01,0,53.3,0,0,1,0.0,,39.6,0.0,0,0,0,0,0,0,0.0,0,0.0,50.0,4,4,57.1,4.5,1.78,0,0,0.0,50.0,2,0,0.0,4,0,0.1,1,56.8,0,0,4,50.0,,71.9,0.0,0,0,0,0,0,0,0.0,27,6.8
Miller Moss,70727,QB,WEST SHRNE,1,6,7,100.0,2,2,33.3,-2.5,2.15,0,0,0.0,100.0,2,1,0.0,2,0,-0.43,0,62.6,0,0,2,0.0,0.0,79.2,0.0,0,0,0,0,0,0,0.0,-2,-1.0,100.0,1,1,16.7,-2.0,1.5,0,0,0.0,100.0,1,0,0.0,1,0,-0.8,0,60.6,0,0,1,0.0,,79.2,0.0,0,0,0,0,0,0,0.0,-2,-2.0,,0,0,0.0,,,0,0,,,0,0,,0,0,0.0,0,,0,0,0,,,0.0,,0,0,0,0,0,0,,0,,,0,0,0.0,,,0,0,,,0,0,,0,0,0.0,0,,0,0,0,,,0.0,,0,0,0,0,0,0,,0,,100.0,1,1,16.7,2.0,2.8,0,0,0.0,100.0,1,1,0.0,1,0,0.02,0,60.6,0,0,1,100.0,0.0,95.8,0.0,0,0,0,0,0,0,0.0,7,7.0,0,,0,0,0.0,,,0,0,,,0,0,,0,0,0.0,0,,0,0,0,,,0.0,,0,0,0,0,0,0,,0,,355,,0,0,0.0,,,0,0,,,0,0,,0,0,0.0,0,,0,0,0,,,0.0,,0,0,0,0,0,0,,0,,,0,0,0.0,,,0,0,,,0,0,,0,0,0.0,0,,0,0,0,,,0.0,,0,0,0,0,0,0,,0,,100.0,1,1,16.7,10.0,2.3,0,0,0.0,100.0,1,0,0.0,1,0,0.17,1,74.3,0,0,1,100.0,,108.3,0.0,0,0,0,0,0,0,0.0,10,10.0,100.0,1,1,16.7,0.0,3.5,0,0,0.0,100.0,1,0,0.0,1,0,-0.35,0,60.4,0,0,1,0.0,,79.2,0.0,0,0,0,0,0,0,0.0,1,1.0,100.0,1,1,16.7,10.0,2.3,0,0,0.0,100.0,1,0,0.0,1,0,0.17,1,74.3,0,0,1,100.0,,108.3,0.0,0,0,0,0,0,0,0.0,10,10.0,0,100.0,1,1,16.7,-3.0,2.8,0,0,0.0,100.0,1,1,0.0,1,0,-0.06,0,60.4,0,0,1,0.0,0.0,79.2,0.0,0,0,0,0,0,0,0.0,0,0.0,,0,0,0.0,,,0,0,,,0,0,,0,0,0.0,0,,0,0,0,,,0.0,,0,0,0,0,0,0,,0,,,0,0,0.0,,,0,0,,,0,0,,0,0,0.0,0,,0,0,0,,,0.0,,0,0,0,0,0,0,,0,,100.0,1,1,16.7,4.0,5.0,0,0,0.0,100.0,1,1,0.0,1,0,1.76,1,61.0,0,0,1,100.0,0.0,108.3,0.0,0,0,0,0,0,0,0.0,10,10.0,100.0,3,3,50.0,2.0,3.77,0,0,0.0,100.0,3,2,0.0,3,0,0.48,1,63.9,0,0,3,66.7,0.0,91.7,0.0,0,0,0,0,0,0,0.0,18,6.0
Sawyer Robertson,146839,QB,NORTH SENR,1,5,6,,0,0,0.0,,,0,0,0.0,,0,0,,0,0,0.0,0,60.4,0,0,1,,,0.0,,0,0,0,0,0,0,0.0,0,,,0,0,0.0,,,0,0,0.0,,0,0,,0,0,0.0,0,60.4,0,0,1,,,0.0,,0,0,0,0,0,0,0.0,0,,,0,0,0.0,,,0,0,,,0,0,,0,0,0.0,0,,0,0,0,,,0.0,,0,0,0,0,0,0,,0,,,0,0,0.0,,,0,0,,,0,0,,0,0,0.0,0,,0,0,0,,,0.0,,0,0,0,0,0,0,,0,,0.0,1,1,20.0,5.0,2.0,0,0,0.0,0.0,0,0,,1,0,-4.17,0,33.0,0,1,1,0.0,,0.0,0.0,0,0,0,0,0,1,100.0,0,0.0,0,0.0,1,1,20.0,24.0,2.2,0,0,0.0,0.0,0,1,,1,0,-1.76,0,51.9,0,0,1,0.0,0.0,39.6,0.0,0,0,0,0,0,0,0.0,0,0.0,356,,0,0,0.0,,,0,0,,,0,0,,0,0,0.0,0,,0,0,0,,,0.0,,0,0,0,0,0,0,,0,,,0,0,0.0,,,0,0,,,0,0,,0,0,0.0,0,,0,0,0,,,0.0,,0,0,0,0,0,0,,0,,100.0,1,1,20.0,16.0,2.6,0,0,0.0,100.0,1,1,0.0,1,0,1.99,1,74.3,0,0,1,100.0,0.0,118.8,0.0,0,0,0,0,0,0,0.0,17,17.0,,0,0,0.0,,,0,0,,,0,0,,0,0,0.0,0,,0,0,0,,,0.0,,0,0,0,0,0,0,,0,,50.0,2,2,40.0,17.0,2.55,0,0,0.0,50.0,1,1,0.0,2,0,0.78,1,68.4,0,0,2,50.0,0.0,79.2,0.0,0,0,0,0,0,0,0.0,17,8.5,0,,0,0,0.0,,,0,0,,,0,0,,0,0,0.0,0,,0,0,0,,,0.0,,0,0,0,0,0,0,,0,,0.0,1,1,20.0,24.0,2.2,0,0,0.0,0.0,0,1,,1,0,-1.76,0,51.9,0,0,1,0.0,0.0,39.6,0.0,0,0,0,0,0,0,0.0,0,0.0,0.0,1,1,20.0,18.0,2.5,0,0,0.0,0.0,0,0,,1,0,-0.43,0,54.8,0,0,1,0.0,,39.6,0.0,0,0,0,0,0,0,0.0,0,0.0,0.0,1,1,20.0,0.0,4.8,0,0,0.0,0.0,0,1,,1,0,-0.86,0,56.8,0,0,1,0.0,0.0,39.6,0.0,0,0,0,0,0,0,0.0,0,0.0,0.0,2,2,40.0,2.5,3.4,0,0,0.0,0.0,0,1,,2,0,-2.51,0,29.1,0,1,2,0.0,0.0,0.0,0.0,0,0,0,0,0,1,50.0,0,0.0
Taylen Green,145996,QB,AMER SENR,1,4,6,,0,0,0.0,,,0,0,,,0,0,,0,0,0.0,0,,0,0,0,,,0.0,,0,0,0,0,0,0,,0,,,0,0,0.0,,,0,0,,,0,0,,0,0,0.0,0,,0,0,0,,,0.0,,0,0,0,0,0,0,,0,,,0,0,0.0,,,0,0,,,0,0,,0,0,0.0,0,,0,0,0,,,0.0,,0,0,0,0,0,0,,0,,0.0,2,2,50.0,13.5,4.35,0,0,0.0,0.0,0,1,,2,0,-1.09,0,25.4,0,0,2,0.0,0.0,39.6,0.0,0,0,0,0,0,1,50.0,0,0.0,100.0,2,2,50.0,4.5,2.45,0,0,0.0,100.0,2,0,0.0,2,0,1.5,1,80.6,0,0,2,100.0,,104.2,0.0,0,0,0,0,0,0,0.0,18,9.0,0,,0,0,0.0,,,0,0,,,0,0,,0,0,0.0,0,,0,0,0,,,0.0,,0,0,0,0,0,0,,0,,357,,0,0,0.0,,,0,0,,,0,0,,0,0,0.0,0,,0,0,0,,,0.0,,0,0,0,0,0,0,,0,,,0,0,0.0,,,0,0,,,0,0,,0,0,0.0,0,,0,0,0,,,0.0,,0,0,0,0,0,0,,0,,,0,0,0.0,,,0,0,,,0,0,,0,0,0.0,0,,0,0,0,,,0.0,,0,0,0,0,0,0,,0,,,0,0,0.0,,,0,0,,,0,0,,0,0,0.0,0,,0,0,0,,,0.0,,0,0,0,0,0,0,,0,,0.0,2,2,50.0,13.5,4.35,0,0,0.0,0.0,0,1,,2,0,-1.09,0,25.4,0,0,2,0.0,0.0,39.6,0.0,0,0,0,0,0,1,50.0,0,0.0,0,,0,0,0.0,,,0,0,,,0,0,,0,0,0.0,0,,0,0,0,,,0.0,,0,0,0,0,0,0,,0,,,0,0,0.0,,,0,0,,,0,0,,0,0,0.0,0,,0,0,0,,,0.0,,0,0,0,0,0,0,,0,,,0,0,0.0,,,0,0,,,0,0,,0,0,0.0,0,,0,0,0,,,0.0,,0,0,0,0,0,0,,0,,,0,0,0.0,,,0,0,,,0,0,,0,0,0.0,0,,0,0,0,,,0.0,,0,0,0,0,0,0,,0,,100.0,2,2,50.0,4.5,2.45,0,0,0.0,100.0,2,0,0.0,2,0,1.5,1,80.6,0,0,2,100.0,,104.2,0.0,0,0,0,0,0,0,0.0,18,9.0
Preston Stone,124716,QB,KAI HULA,1,5,5,,0,0,0.0,,,0,0,,,0,0,,0,0,0.0,0,,0,0,0,,,0.0,,0,0,0,0,0,0,,0,,,0,0,0.0,,,0,0,,,0,0,,0,0,0.0,0,,0,0,0,,,0.0,,0,0,0,0,0,0,,0,,100.0,1,1,20.0,21.0,2.7,0,0,0.0,100.0,1,0,0.0,1,0,1.3,1,76.2,0,0,1,100.0,,118.8,0.0,0,0,0,0,0,0,0.0,22,22.0,100.0,2,2,40.0,15.5,2.15,0,0,0.0,100.0,2,1,0.0,2,0,1.38,2,83.1,0,0,2,100.0,0.0,118.8,0.0,0,0,0,0,0,0,0.0,48,24.0,,0,0,0.0,,,0,0,,,0,0,,0,0,0.0,0,,0,0,0,,,0.0,,0,0,0,0,0,0,,0,,0,100.0,2,2,40.0,24.0,4.2,0,1,50.0,100.0,2,1,0.0,2,0,1.37,2,92.6,0,0,2,100.0,0.0,118.8,0.0,0,0,0,0,0,0,0.0,49,24.5,1446,,0,0,0.0,,,0,0,,,0,0,,0,0,0.0,0,,0,0,0,,,0.0,,0,0,0,0,0,0,,0,,,0,0,0.0,,,0,0,,,0,0,,0,0,0.0,0,,0,0,0,,,0.0,,0,0,0,0,0,0,,0,,,0,0,0.0,,,0,0,,,0,0,,0,0,0.0,0,,0,0,0,,,0.0,,0,0,0,0,0,0,,0,,,0,0,0.0,,,0,0,,,0,0,,0,0,0.0,0,,0,0,0,,,0.0,,0,0,0,0,0,0,,0,,100.0,2,2,40.0,15.5,2.15,0,0,0.0,100.0,2,1,0.0,2,0,1.38,2,83.1,0,0,2,100.0,0.0,118.8,0.0,0,0,0,0,0,0,0.0,48,24.0,0,,0,0,0.0,,,0,0,,,0,0,,0,0,0.0,0,,0,0,0,,,0.0,,0,0,0,0,0,0,,0,,100.0,1,1,20.0,27.0,5.7,0,1,100.0,100.0,1,1,0.0,1,0,1.43,1,87.7,0,0,1,100.0,0.0,118.8,0.0,0,0,0,0,0,0,0.0,27,27.0,,0,0,0.0,,,0,0,,,0,0,,0,0,0.0,0,,0,0,0,,,0.0,,0,0,0,0,0,0,,0,,100.0,1,1,20.0,5.0,1.6,0,0,0.0,100.0,1,0,0.0,1,0,0.93,1,60.6,0,0,1,100.0,,95.8,0.0,0,0,0,0,0,0,0.0,7,7.0,100.0,1,1,20.0,5.0,1.6,0,0,0.0,100.0,1,0,0.0,1,0,0.93,1,60.6,0,0,1,100.0,,95.8,0.0,0,0,0,0,0,0,0.0,7,7.0
Braylon Braxton,144442,QB,AIN HULA,1,4,5,,0,0,0.0,,,0,0,,,0,0,,0,0,0.0,0,,0,0,0,,,0.0,,0,0,0,0,0,0,,0,,,0,0,0.0,,,0,0,,,0,0,,0,0,0.0,0,,0,0,0,,,0.0,,0,0,0,0,0,0,,0,,,0,0,0.0,,,0,0,,,0,0,,0,0,0.0,0,,0,0,0,,,0.0,,0,0,0,0,0,0,,0,,100.0,1,1,25.0,14.0,2.4,0,0,0.0,100.0,1,1,0.0,1,0,2.38,1,73.1,0,0,1,100.0,0.0,118.8,0.0,0,0,0,0,0,0,0.0,17,17.0,100.0,1,1,25.0,5.0,1.9,0,0,0.0,100.0,1,0,0.0,1,0,-2.33,0,60.6,0,0,1,0.0,,87.5,0.0,0,0,0,0,0,0,0.0,5,5.0,0,0.0,1,1,25.0,20.0,5.9,0,0,0.0,0.0,0,1,,1,0,-1.21,0,50.8,0,0,1,0.0,0.0,39.6,0.0,0,0,0,0,0,0,0.0,0,0.0,1447,,0,0,0.0,,,0,0,,,0,0,,0,0,0.0,0,,0,0,0,,,0.0,,0,0,0,0,0,0,,0,,,0,0,0.0,,,0,0,,,0,0,,0,0,0.0,0,,0,0,0,,,0.0,,0,0,0,0,0,0,,0,,,0,0,0.0,,,0,0,,,0,0,,0,0,0.0,0,,0,0,0,,,0.0,,0,0,0,0,0,0,,0,,,0,0,0.0,,,0,0,,,0,0,,0,0,0.0,0,,0,0,0,,,0.0,,0,0,0,0,0,0,,0,,100.0,1,1,25.0,14.0,2.4,0,0,0.0,100.0,1,1,0.0,1,0,2.38,1,73.1,0,0,1,100.0,0.0,118.8,0.0,0,0,0,0,0,0,0.0,17,17.0,0,,0,0,0.0,,,0,0,,,0,0,,0,0,0.0,0,,0,0,0,,,0.0,,0,0,0,0,0,0,,0,,0.0,1,1,25.0,20.0,5.9,0,0,0.0,0.0,0,1,,1,0,-1.21,0,50.8,0,0,1,0.0,0.0,39.6,0.0,0,0,0,0,0,0,0.0,0,0.0,,0,0,0.0,,,0,0,,,0,0,,0,0,0.0,0,,0,0,0,,,0.0,,0,0,0,0,0,0,,0,,,0,0,0.0,,,0,0,,,0,0,,0,0,0.0,0,,0,0,0,,,0.0,,0,0,0,0,0,0,,0,,100.0,1,1,25.0,5.0,1.9,0,0,0.0,100.0,1,0,0.0,1,0,-2.33,0,60.6,0,0,1,0.0,,87.5,0.0,0,0,0,0,0,0,0.0,5,5.0
