player,player_id,position,team_name,player_game_count,base_snap_counts_coverage,declined_penalties,franchise_id,man_assists,man_avg_depth_of_target,man_catch_rate,man_coverage_percent,man_coverage_snaps_per_reception,man_coverage_snaps_per_target,man_dropped_ints,man_forced_incompletes,man_forced_incompletion_rate,man_grades_coverage_defense,man_interceptions,man_longest,man_missed_tackle_rate,man_missed_tackles,man_pass_break_ups,man_qb_rating_against,man_receptions,man_snap_counts_coverage,man_snap_counts_coverage_percent,man_snap_counts_pass_play,man_stops,man_tackles,man_targets,man_touchdowns,man_yards,man_yards_after_catch,man_yards_per_coverage_snap,man_yards_per_reception,penalties,zone_assists,zone_avg_depth_of_target,zone_catch_rate,zone_coverage_percent,zone_coverage_snaps_per_reception,zone_coverage_snaps_per_target,zone_dropped_ints,zone_forced_incompletes,zone_forced_incompletion_rate,zone_grades_coverage_defense,zone_interceptions,zone_longest,zone_missed_tackle_rate,zone_missed_tackles,zone_pass_break_ups,zone_qb_rating_against,zone_receptions,zone_snap_counts_coverage,zone_snap_counts_coverage_percent,zone_snap_counts_pass_play,zone_stops,zone_tackles,zone_targets,zone_touchdowns,zone_yards,zone_yards_after_catch,zone_yards_per_coverage_snap,zone_yards_per_reception
Domani Jackson,71370,CB,WEST SHRNE,1,14,0,355,0,,,,,,0,0,,,0,,,0,0,0.0,0,0,0.0,0,0,0,0,0,0,0,,,0,0,7.0,0.0,100.0,,10.0,0,1,100.0,80.7,0,,,0,1,39.6,0,11,78.6,11,0,0,1,0,0,0,0.0,
DJ Harvey,72089,CB,GUAR AMER,1,14,0,1541,0,,,100.0,,,0,0,,61.5,0,,,0,0,0.0,0,2,14.3,2,0,0,0,0,0,0,0.0,,0,0,,,100.0,,,0,0,,65.6,0,,,0,0,0.0,0,12,85.7,12,0,0,0,0,0,0,0.0,
Silas Walters,75263,S,WRHK AMER,1,11,0,1542,0,,,100.0,,,0,0,,63.2,0,,0.0,0,0,0.0,0,1,9.1,1,0,1,0,0,0,0,0.0,,0,0,,,100.0,,,0,0,,63.5,0,,,0,0,0.0,0,10,90.9,10,0,0,0,0,0,0,0.0,
Ceyair Wright,86877,CB,AMER SENR,2,48,0,357,0,3.0,0.0,100.0,,6.0,0,0,0.0,71.2,0,,,0,0,39.6,0,6,12.5,6,0,0,1,0,0,0,0.0,,0,1,5.5,66.7,100.0,8.8,5.8,0,0,0.0,60.7,0,22,16.7,1,0,86.1,4,37,77.1,37,1,4,6,0,41,21,1.2,10.3
Javin Wright,101373,LB,GUAR AMER,1,10,0,1541,0,,,100.0,,,0,0,,61.6,0,,,0,0,0.0,0,3,30.0,3,0,0,0,0,0,0,0.0,,0,1,,,100.0,,,0,0,,65.1,0,,0.0,0,0,0.0,0,6,60.0,6,0,0,0,0,0,0,0.0,
Aaron Harris,104296,CB,HBCUGA,1,15,0,1459,1,12.5,50.0,100.0,6.5,3.3,0,0,0.0,46.0,0,22,0.0,0,0,76.0,2,13,86.7,13,0,2,4,0,31,0,2.4,15.5,0,0,4.0,0.0,100.0,,2.0,0,0,0.0,68.9,1,,,0,0,0.0,0,2,13.3,2,0,0,1,0,0,0,0.0,
Channing Canada,121668,CB,GUAR AMER,1,17,0,1541,0,13.0,66.7,100.0,3.5,2.3,0,0,0.0,55.3,0,9,0.0,0,0,115.3,2,7,41.2,7,0,1,3,1,13,4,1.9,6.5,0,0,8.0,66.7,100.0,4.5,3.0,0,0,0.0,72.6,0,5,0.0,0,0,70.1,2,9,52.9,9,1,2,3,0,8,6,0.9,4.0
Fred Davis II,122146,CB,AMER SENR,1,10,0,357,0,,,100.0,,,0,0,,61.2,0,,,0,0,0.0,0,2,20.0,2,0,0,0,0,0,0,0.0,,0,0,5.0,0.0,100.0,,7.0,0,0,0.0,70.7,1,,,0,0,0.0,0,8,80.0,8,0,0,1,0,0,0,0.0,
Isaiah Stephens,122358,S,HBCURO,1,7,0,1460,0,,,100.0,,,0,0,,60.0,0,,,0,0,0.0,0,1,14.3,1,0,0,0,0,0,0,0.0,,0,0,12.0,0.0,100.0,,5.0,0,0,0.0,61.6,0,,,0,0,39.6,0,6,85.7,6,0,0,1,0,0,0,0.0,
Karon Prunty,122574,CB,AIN HULA,1,7,0,1447,0,8.0,100.0,100.0,2.0,2.0,0,0,0.0,63.6,0,8,0.0,0,0,100.0,1,3,42.9,3,0,1,1,0,8,0,4.0,8.0,0,0,5.0,100.0,100.0,4.0,4.0,0,0,0.0,54.1,0,7,0.0,0,0,95.8,1,4,57.1,4,0,1,1,0,7,2,1.8,7.0
Darrian Bell,122693,LB,HBCURO,1,10,0,1460,0,,,100.0,,,0,0,,62.9,0,,0.0,0,0,0.0,0,2,20.0,2,0,1,0,0,0,0,0.0,,0,0,,,100.0,,,0,0,,62.1,0,,,0,0,0.0,0,8,80.0,8,0,0,0,0,0,0,0.0,
Joshua Eaton,122924,CB,AIN HULA,1,12,0,1447,0,,,100.0,,,0,0,,63.5,0,,,0,0,0.0,0,5,41.7,5,0,0,0,0,0,0,0.0,,0,0,21.0,100.0,100.0,7.0,7.0,0,0,0.0,56.8,0,22,0.0,0,0,118.8,1,7,58.3,7,0,1,1,0,22,1,3.1,22.0
Rashad Battle,123003,CB,WRHK AMER,1,10,0,1542,0,34.0,100.0,100.0,2.0,2.0,0,0,0.0,52.5,0,35,0.0,0,0,118.8,1,2,20.0,2,0,1,1,0,35,1,17.5,35.0,0,0,,,100.0,,,0,0,,65.2,0,,0.0,0,0,0.0,0,8,80.0,8,0,1,0,0,0,0,0.0,
Bud Clark,123066,S,NORTH SENR,1,18,0,356,0,,,100.0,,,0,0,,63.3,0,,,0,0,0.0,0,7,38.9,7,0,0,0,0,0,0,0.0,,0,0,2.0,100.0,100.0,10.0,10.0,0,0,0.0,66.8,0,6,0.0,0,0,91.7,1,10,55.6,10,1,2,1,0,6,4,0.6,6.0
Nick Andersen,123370,S,WRHK AMER,1,20,0,1542,0,,,100.0,,,0,0,,61.4,0,,,0,0,0.0,0,3,15.0,3,0,0,0,0,0,0,0.0,,0,0,,,100.0,,,0,0,,66.6,0,,0.0,0,0,0.0,0,14,70.0,14,0,1,0,0,0,0,0.0,
Cole Wisniewski,125313,S,EAST SHRNE,1,9,0,354,0,7.0,0.0,100.0,,5.0,1,2,200.0,90.3,0,,,0,2,39.6,0,5,55.6,5,0,0,1,0,0,0,0.0,,0,0,,,100.0,,,0,0,,61.8,0,,,0,0,0.0,0,4,44.4,4,0,0,0,0,0,0,0.0,
Langston Patterson,126465,LB,WRHK AMER,1,10,0,1542,0,,,100.0,,,0,0,,60.5,0,,,0,0,0.0,0,2,20.0,2,0,0,0,0,0,0,0.0,,0,0,,,88.9,,,0,0,,62.8,0,,,0,0,0.0,0,8,80.0,9,0,0,0,0,0,0,0.0,
JonJon Vaughns,131815,LB,KAI HULA,1,23,0,1446,0,,,100.0,,,0,0,,51.9,0,,,0,0,0.0,0,10,43.5,10,0,0,0,0,0,0,0.0,,0,1,7.5,100.0,100.0,5.5,5.5,0,0,0.0,63.2,0,10,0.0,0,0,97.9,2,11,47.8,11,1,1,2,0,15,0,1.4,7.5
Quinn Urwiler,138258,LB,WRHK AMER,1,9,0,1542,0,,,100.0,,,0,0,,60.0,0,,,0,0,0.0,0,1,11.1,1,0,0,0,0,0,0,0.0,,0,0,8.3,66.7,100.0,4.0,2.7,0,1,33.3,57.4,0,19,0.0,0,1,93.8,2,8,88.9,8,0,2,3,0,26,6,3.3,13.0
Carlos Allen Jr.,141334,DI,KAI HULA,1,2,0,1446,0,,,0.0,,,0,0,,,0,,,0,0,0.0,0,0,0.0,10,0,0,0,0,0,0,,,0,0,,,25.0,,,0,0,,59.1,0,,,0,0,0.0,0,2,100.0,8,0,0,0,0,0,0,0.0,
Andre Fuller,141775,CB,EAST SHRNE,1,37,0,354,0,10.0,100.0,100.0,11.0,11.0,0,0,0.0,57.6,0,12,,0,0,116.7,1,12,32.4,12,0,0,1,0,12,2,1.1,12.0,0,0,9.5,50.0,100.0,24.0,12.0,0,1,50.0,73.7,0,9,0.0,0,1,62.5,1,24,64.9,24,0,1,2,0,9,0,0.4,9.0
Jalil Lenore,141779,LB,HBCURO,1,15,0,1460,0,-1.5,0.0,100.0,,5.5,0,0,0.0,62.5,0,,,0,0,39.6,0,12,80.0,12,0,0,2,0,0,0,0.0,,0,0,,,100.0,,,0,0,,48.5,0,,100.0,1,0,0.0,0,3,20.0,3,0,0,0,0,0,0,0.0,
Luke Rose,141806,LB,HBCURO,1,16,0,1460,0,11.0,50.0,100.0,11.0,5.5,0,0,0.0,45.3,0,12,0.0,0,0,68.8,1,12,75.0,12,0,1,2,0,12,0,1.1,12.0,0,0,,,100.0,,,0,0,,63.0,0,,,0,0,0.0,0,4,25.0,4,0,0,0,0,0,0,0.0,
Keeshawn Silver,143979,DI,AIN HULA,1,1,0,1447,0,,,0.0,,,0,0,,,0,,,0,0,0.0,0,0,0.0,8,0,0,0,0,0,0,,,0,0,,,11.1,,,0,0,,59.5,0,,,0,0,0.0,0,1,100.0,9,1,0,0,0,0,0,0.0,
Caden Fordham,143992,LB,WEST SHRNE,1,14,0,355,0,,,,,,0,0,,,0,,,0,0,0.0,0,0,0.0,0,0,0,0,0,0,0,,,0,0,1.5,50.0,100.0,11.0,5.5,0,0,0.0,62.3,0,7,,0,0,58.3,1,11,78.6,11,0,0,2,0,7,9,0.6,7.0
Keli Lawson,144087,LB,GUAR AMER,1,11,0,1541,0,,,60.0,,,0,0,,63.0,0,,0.0,0,0,0.0,0,3,27.3,5,0,1,0,0,0,0,0.0,,0,0,4.0,100.0,100.0,7.0,7.0,0,0,0.0,50.5,0,19,100.0,1,0,118.8,1,8,72.7,8,0,0,1,0,19,15,2.7,19.0
Jalen Stroman,144106,S,GUAR AMER,2,28,0,1541,0,,,100.0,,,0,0,,64.5,0,,,0,0,0.0,0,11,39.3,11,0,0,0,0,0,0,0.0,,0,0,,,100.0,,,0,0,,58.7,0,,0.0,0,0,0.0,0,15,53.6,15,0,3,0,0,0,0,0.0,
TJ Quinn,144173,LB,GUAR AMER,2,28,0,1541,0,,,100.0,,,0,0,,63.3,0,,,0,0,0.0,0,9,32.1,9,0,0,0,0,0,0,0.0,,0,0,11.0,60.0,100.0,5.3,3.2,0,0,0.0,29.6,0,24,0.0,0,0,84.6,3,17,60.7,17,0,1,5,0,39,5,2.4,13.0
Kani Walker,144177,CB,AIN HULA,1,18,0,1447,0,23.0,0.0,100.0,,10.0,0,0,0.0,65.4,0,,,0,0,39.6,0,11,61.1,11,0,0,1,0,0,0,0.0,,0,0,10.0,100.0,100.0,3.5,3.5,0,0,0.0,45.7,0,37,100.0,1,0,158.3,2,7,38.9,7,0,0,2,1,35,15,5.0,17.5
Jack Dingle,144217,LB,WRHK AMER,1,18,0,1542,0,,,100.0,,,0,0,,60.5,0,,,0,0,0.0,0,2,11.1,2,0,0,0,0,0,0,0.0,,0,0,4.5,100.0,100.0,7.0,7.0,0,0,0.0,38.6,0,9,0.0,0,0,102.1,2,15,83.3,15,0,1,2,0,17,8,1.2,8.5
Jalen McMurray,144393,S,NORTH SENR,1,2,0,356,0,,,100.0,,,0,0,,60.0,0,,,0,0,0.0,0,1,50.0,1,0,0,0,0,0,0,0.0,,0,0,,,100.0,,,0,0,,60.0,0,,,0,0,0.0,0,1,50.0,1,0,0,0,0,0,0,0.0,
Shad Banks Jr.,144702,LB,WRHK AMER,2,26,0,1542,0,,,100.0,,,0,0,,61.3,0,,,0,0,0.0,0,4,15.4,4,0,0,0,0,0,0,0.0,,0,0,15.3,66.7,100.0,9.5,6.3,0,1,33.3,60.7,0,27,50.0,1,1,107.6,2,20,76.9,20,1,1,3,0,36,5,1.9,18.0
Michael Taaffe,144732,S,AMER SENR,1,22,0,357,0,,,100.0,,,0,0,,71.4,0,,,0,0,0.0,0,5,22.7,5,0,0,0,0,0,0,0.0,,0,1,5.0,100.0,100.0,17.0,17.0,0,0,0.0,67.1,0,8,0.0,0,0,100.0,1,17,77.3,17,0,1,1,0,8,3,0.5,8.0
Miles Scott,144809,S,WEST SHRNE,1,22,0,355,0,,,,,,0,0,,,0,,,0,0,0.0,0,0,0.0,0,0,0,0,0,0,0,,,0,0,,,100.0,,,0,0,,64.9,0,,,0,0,0.0,0,17,77.3,17,0,0,0,0,0,0,0.0,
Karson Sharar,144873,LB,WEST SHRNE,1,15,0,355,0,,,,,,0,0,,,0,,,0,0,0.0,0,0,0.0,0,0,0,0,0,0,0,,,0,0,13.0,50.0,100.0,12.0,6.0,0,1,50.0,77.7,0,6,0.0,0,1,56.3,1,13,86.7,13,0,3,2,0,6,0,0.5,6.0
T.J. Guy,144938,ED,WRHK AMER,1,4,0,1542,0,,,0.0,,,0,0,,,0,,,0,0,0.0,0,0,0.0,2,0,0,0,0,0,0,,,0,0,,,40.0,,,0,0,,61.2,0,,,0,0,0.0,0,4,100.0,10,1,0,0,0,0,0,0.0,
Aidan Hubbard,145048,ED,WEST SHRNE,1,2,0,355,0,,,,,,0,0,,,0,,,0,0,0.0,0,0,0.0,0,0,0,0,0,0,0,,,0,0,0.0,100.0,22.2,2.0,2.0,0,0,0.0,60.7,0,2,,0,0,79.2,1,2,100.0,9,0,0,1,0,2,2,1.0,2.0
Jackson Kuwatch,145075,LB,KAI HULA,1,14,0,1446,0,,,,,,0,0,,,0,,,0,0,0.0,0,0,0.0,0,0,0,0,0,0,0,,,0,0,,,100.0,,,0,0,,63.9,0,,0.0,0,0,0.0,0,11,78.6,11,0,1,0,0,0,0,0.0,
Ricardo Hallman,145169,CB,WRHK AMER,1,11,0,1542,0,,,100.0,,,0,0,,61.4,0,,,0,0,0.0,0,2,18.2,2,0,0,0,0,0,0,0.0,,0,0,,,100.0,,,0,0,,64.2,0,,,0,0,0.0,0,7,63.6,7,0,0,0,0,0,0,0.0,
Carlos Dunovant,145253,CB,HBCURO,1,16,0,1460,0,,,100.0,,,0,0,,64.2,0,,,0,0,0.0,0,6,37.5,6,0,0,0,0,0,0,0.0,,0,0,,,100.0,,,0,0,,52.8,0,,,0,0,0.0,0,10,62.5,10,0,0,0,0,0,0,0.0,
Cam Smith,145767,S,KAI HULA,1,24,0,1446,0,12.0,0.0,100.0,,12.0,0,0,0.0,55.9,0,,0.0,0,0,39.6,0,13,54.2,13,0,1,1,0,0,0,0.0,,0,0,,,100.0,,,0,0,,64.7,0,,,0,0,0.0,0,11,45.8,11,0,0,0,0,0,0,0.0,
Eli Blakey,145820,S,WRHK AMER,1,11,0,1542,0,,,100.0,,,0,0,,60.0,0,,,0,0,0.0,0,1,9.1,1,0,0,0,0,0,0,0.0,,0,0,,,100.0,,,0,0,,63.1,0,,,0,0,0.0,0,10,90.9,10,0,0,0,0,0,0,0.0,
Daylan Long,145825,LB,HBCUGA,1,20,0,1459,1,,,100.0,,,0,0,,63.2,0,,0.0,0,0,0.0,0,15,75.0,15,0,0,0,0,0,0,0.0,,0,0,,,100.0,,,0,0,,64.0,0,,0.0,0,0,0.0,0,5,25.0,5,0,1,0,0,0,0,0.0,
Al'zillion Hamilton,146042,CB,WRHK AMER,1,20,0,1542,0,,,100.0,,,0,0,,73.4,0,,,0,0,0.0,0,2,10.0,2,0,0,0,0,0,0,0.0,,0,0,7.0,100.0,100.0,8.0,8.0,0,0,0.0,61.7,0,11,0.0,0,0,100.0,2,17,85.0,17,1,1,2,0,16,2,1.0,8.0
Julian Neal,146043,CB,AMER SENR,1,25,0,357,0,24.0,0.0,100.0,,6.0,0,0,0.0,71.1,0,,,0,0,39.6,0,6,24.0,6,0,0,1,0,0,0,0.0,,0,2,14.0,100.0,100.0,18.0,18.0,0,0,0.0,57.3,0,14,0.0,0,0,118.8,1,18,72.0,18,0,0,1,0,14,0,0.8,14.0
Noah Avinger,146141,S,WEST SHRNE,1,5,0,355,0,,,,,,0,0,,,0,,,0,0,0.0,0,0,0.0,0,0,0,0,0,0,0,,,0,0,12.0,100.0,100.0,4.0,4.0,0,0,0.0,54.0,0,10,0.0,0,0,108.3,1,4,80.0,4,0,1,1,0,10,-2,2.5,10.0
Dalton Johnson,146252,S,EAST SHRNE,1,31,0,354,0,4.0,100.0,100.0,8.0,8.0,0,0,0.0,56.0,0,9,0.0,0,0,104.2,1,9,29.0,9,0,1,1,0,9,5,1.1,9.0,0,0,4.0,100.0,100.0,21.0,21.0,0,0,0.0,59.5,0,10,50.0,1,0,108.3,1,21,67.7,21,0,1,1,0,10,6,0.5,10.0
Kaleb Elarms-Orr,146306,LB,NORTH SENR,1,16,0,356,0,,,100.0,,,0,0,,61.8,0,,,0,0,0.0,0,5,31.3,5,0,0,0,0,0,0,0.0,,0,0,6.0,100.0,100.0,9.0,9.0,0,0,0.0,54.1,0,12,0.0,0,0,116.7,1,9,56.3,9,0,1,1,0,12,6,1.3,12.0
Skyler Thomas,146351,S,WRHK AMER,2,45,0,1542,0,,,100.0,,,0,0,,64.0,0,,,0,0,0.0,0,8,17.8,8,0,0,0,0,0,0,0.0,,0,0,0.0,0.0,100.0,,31.0,0,0,0.0,62.2,0,,0.0,0,0,39.6,0,33,73.3,33,0,1,1,0,0,0,0.0,
DeVonta Smith,146607,CB,EAST SHRNE,1,26,0,354,1,7.5,50.0,100.0,6.0,3.0,0,0,0.0,72.0,0,2,0.0,0,0,56.3,1,7,26.9,7,0,0,2,0,2,0,0.3,2.0,0,0,-0.5,100.0,100.0,9.0,9.0,0,0,0.0,69.1,0,8,0.0,0,0,97.9,2,18,69.2,18,1,4,2,0,15,16,0.8,7.5
Jadarrius Perkins,146684,CB,HBCUGA,1,26,0,1459,0,24.0,33.3,100.0,21.0,7.0,0,0,0.0,57.8,0,24,0.0,0,0,63.2,1,21,80.8,21,0,1,3,0,24,0,1.1,24.0,0,0,,,100.0,,,0,0,,63.7,0,,,0,0,0.0,0,5,19.2,5,0,0,0,0,0,0,0.0,
Jordan Young,146705,CB,WRHK AMER,1,21,0,1542,0,,,100.0,,,0,0,,61.2,0,,,0,0,0.0,0,2,9.5,2,0,0,0,0,0,0,0.0,,0,0,10.0,0.0,100.0,,7.5,0,0,0.0,60.4,0,,,0,0,39.6,0,16,76.2,16,0,0,2,0,0,0,0.0,
Xavian Sorey Jr.,146724,LB,AMER SENR,1,26,0,357,0,3.0,50.0,100.0,5.0,2.5,0,0,0.0,60.3,0,1,0.0,0,0,56.3,1,5,19.2,5,1,1,2,0,1,6,0.2,1.0,0,0,4.0,100.0,100.0,20.0,20.0,0,0,0.0,47.3,0,6,0.0,0,0,91.7,1,20,76.9,20,0,2,1,0,6,2,0.3,6.0
Drey Norwood,147007,CB,AIN HULA,1,8,0,1447,0,,,100.0,,,0,0,,63.0,0,,,0,0,0.0,0,5,62.5,5,0,0,0,0,0,0,0.0,,0,0,,,100.0,,,0,0,,63.8,0,,0.0,0,0,0.0,0,3,37.5,3,0,1,0,0,0,0,0.0,
Malcolm Bell,147394,CB,GUAR AMER,1,12,0,1541,0,,,100.0,,,0,0,,62.4,0,,,0,0,0.0,0,3,25.0,3,0,0,0,0,0,0,0.0,,0,0,,,100.0,,,0,0,,57.6,0,,,0,0,0.0,0,9,75.0,9,0,0,0,0,0,0,0.0,
Jack Kelly,147861,LB,AMER SENR,1,21,0,357,0,,,100.0,,,0,0,,61.7,0,,,0,0,0.0,0,3,14.3,3,0,0,0,0,0,0,0.0,,0,1,-2.0,100.0,100.0,9.0,9.0,0,0,0.0,61.1,0,7,0.0,0,0,87.5,2,18,85.7,18,2,3,2,0,10,14,0.6,5.0
Deontre Morris,147990,S,HBCURO,1,26,0,1460,0,,,100.0,,,0,0,,62.9,1,,66.7,2,0,0.0,0,16,61.5,16,0,1,0,0,0,0,0.0,,0,0,9.0,0.0,100.0,,8.0,0,0,0.0,54.7,0,,100.0,1,0,39.6,0,10,38.5,10,0,0,1,0,0,0,0.0,
Mason Woods,148468,LB,WRHK AMER,1,7,0,1542,0,,,50.0,,,0,0,,60.0,0,,,0,0,0.0,0,1,14.3,2,0,0,0,0,0,0,0.0,,0,0,,,100.0,,,0,0,,61.3,0,,,0,0,0.0,0,4,57.1,4,0,0,0,0,0,0,0.0,
Ayden Garnes,148570,CB,GUAR AMER,1,16,0,1541,0,,,100.0,,,0,0,,64.4,0,,,0,0,0.0,0,6,37.5,6,0,0,0,0,0,0,0.0,,0,0,3.5,50.0,100.0,9.0,4.5,0,0,0.0,58.4,0,4,0.0,0,0,56.3,1,9,56.3,9,0,1,2,0,4,1,0.4,4.0
Max U'Ren,150484,LB,HBCUGA,1,13,0,1459,0,5.0,50.0,100.0,12.0,6.0,0,1,50.0,71.6,0,5,0.0,0,1,56.3,1,12,92.3,12,0,2,2,0,5,6,0.4,5.0,0,0,13.0,0.0,100.0,,1.0,0,1,100.0,60.0,0,,,0,1,39.6,0,1,7.7,1,0,0,1,0,0,0,0.0,
Jelani Vassell,150485,S,HBCUGA,1,32,0,1459,0,15.5,37.5,100.0,9.0,3.4,0,0,0.0,57.4,1,32,33.3,1,0,20.8,3,27,84.4,27,0,2,8,0,52,17,1.9,17.3,0,0,25.5,50.0,100.0,5.0,2.5,0,0,0.0,31.1,0,27,,0,0,95.8,1,5,15.6,5,0,0,2,0,27,3,5.4,27.0
Erick Hunter,150533,LB,WRHK AMER,2,41,0,1542,0,,,100.0,,,0,0,,63.6,0,,,0,0,0.0,0,20,48.8,20,0,0,0,0,0,0,0.0,,0,0,-0.5,100.0,94.7,8.5,8.5,0,0,0.0,50.4,0,13,0.0,0,0,110.4,2,18,43.9,19,0,2,2,0,21,22,1.2,10.5
Charles Demmings,150672,CB,NORTH SENR,1,17,0,356,0,4.0,50.0,100.0,5.0,2.5,0,0,0.0,56.2,0,9,0.0,0,0,62.5,1,7,41.2,7,0,1,2,0,9,2,1.8,9.0,0,0,12.0,100.0,100.0,9.0,9.0,0,0,0.0,57.8,0,12,0.0,0,0,116.7,1,9,52.9,9,0,1,1,0,12,0,1.3,12.0
Kolbey Taylor,150703,CB,WEST SHRNE,1,9,0,355,0,,,,,,0,0,,,0,,,0,0,0.0,0,0,0.0,0,0,0,0,0,0,0,,,0,0,-2.0,100.0,100.0,9.0,9.0,0,0,0.0,64.7,0,6,,0,0,91.7,1,9,100.0,9,0,0,1,0,6,8,0.7,6.0
James Jackson,151086,LB,GUAR AMER,2,30,0,1541,0,-3.0,100.0,100.0,15.0,15.0,0,0,0.0,45.9,0,9,100.0,1,0,104.2,1,17,56.7,17,0,0,1,0,9,12,0.6,9.0,0,0,-4.0,100.0,100.0,13.0,13.0,0,0,0.0,71.1,0,0,0.0,0,0,79.2,1,13,43.3,13,1,1,1,0,0,4,0.0,0.0
West Weeks,151101,LB,EAST SHRNE,1,19,0,354,0,,,100.0,,,0,0,,70.9,0,,,0,0,0.0,0,5,26.3,5,0,0,0,0,0,0,0.0,,0,1,3.0,100.0,100.0,14.0,14.0,0,0,0.0,55.9,0,7,0.0,0,0,95.8,1,14,73.7,14,0,0,1,0,7,4,0.5,7.0
Jadon Carter,153406,S,HBCUGA,1,34,0,1459,0,13.3,100.0,100.0,9.0,9.0,0,0,0.0,62.4,0,21,0.0,0,0,118.8,3,27,79.4,27,1,1,3,0,45,5,1.7,15.0,0,0,,,100.0,,,0,0,,64.7,0,,,0,0,0.0,0,7,20.6,7,0,0,0,0,0,0,0.0,
Jordan Williams,153438,S,HBCUGA,1,14,0,1459,0,,,100.0,,,0,0,,64.9,0,,0.0,0,0,0.0,0,12,85.7,12,0,1,0,0,0,0,0.0,,0,0,,,100.0,,,0,0,,60.5,0,,,0,0,0.0,0,2,14.3,2,0,0,0,0,0,0,0.0,
Brenyen Scott,156181,S,HBCUGA,1,14,0,1459,0,,,100.0,,,0,0,,58.7,0,,100.0,1,0,0.0,0,11,78.6,11,0,0,0,0,0,0,0.0,,0,0,,,100.0,,,0,0,,61.8,0,,,0,0,0.0,0,3,21.4,3,0,0,0,0,0,0,0.0,
Toriano Pride Jr.,156245,CB,KAI HULA,1,37,0,1446,0,5.3,66.7,100.0,8.0,5.3,0,0,0.0,61.2,0,17,0.0,0,0,89.6,2,17,45.9,17,1,1,3,0,23,19,1.4,11.5,0,0,-1.0,100.0,100.0,17.0,17.0,0,0,0.0,67.6,0,5,0.0,0,0,87.5,1,18,48.6,18,1,1,1,0,5,6,0.3,5.0
Chandler Rivers,156257,CB,NORTH SENR,1,12,0,356,0,3.0,100.0,100.0,4.0,4.0,0,0,0.0,79.4,0,3,0.0,0,0,79.2,1,5,41.7,5,2,2,1,0,3,0,0.8,3.0,0,0,,,100.0,,,0,0,,48.1,0,,,0,0,0.0,0,6,50.0,6,0,0,0,0,0,0,0.0,
Clayton Powell-Lee,156305,S,GUAR AMER,1,13,0,1541,0,,,100.0,,,0,0,,61.7,0,,,0,0,0.0,0,3,23.1,3,0,0,0,0,0,0,0.0,,0,0,24.0,100.0,100.0,9.0,9.0,0,0,0.0,57.3,0,26,0.0,0,0,118.8,1,10,76.9,10,1,3,1,0,26,2,2.9,26.0
Phillip Dunnam,156406,S,AIN HULA,1,23,0,1447,0,20.5,50.0,100.0,9.0,4.5,0,0,0.0,63.8,0,15,0.0,0,0,75.0,1,11,47.8,11,0,1,2,0,15,10,1.7,15.0,0,1,15.0,100.0,100.0,12.0,12.0,0,0,0.0,58.8,0,25,0.0,0,0,118.8,1,12,52.2,12,0,1,1,0,25,10,2.1,25.0
Xavier Nwankpa,156431,S,KAI HULA,1,16,0,1446,0,,,100.0,,,0,0,,65.2,0,,0.0,0,0,0.0,0,7,43.8,7,0,1,0,0,0,0,0.0,,0,0,,,100.0,,,0,0,,66.9,0,,0.0,0,0,0.0,0,7,43.8,7,0,2,0,0,0,0,0.0,
TJ Hall,156441,CB,NORTH SENR,1,16,0,356,0,14.0,0.0,100.0,,5.0,0,0,0.0,54.3,0,,,0,0,39.6,0,6,37.5,6,0,0,1,0,0,0,0.0,,0,0,,,100.0,,,0,0,,64.8,0,,,0,0,0.0,0,10,62.5,10,0,0,0,0,0,0,0.0,
Gavin Gibson,156453,S,KAI HULA,1,30,0,1446,1,10.0,0.0,100.0,,15.0,0,1,100.0,65.6,0,,0.0,0,1,39.6,0,16,53.3,16,0,0,1,0,0,0,0.0,,0,0,6.7,100.0,100.0,4.0,4.0,0,0,0.0,59.6,0,21,0.0,0,0,145.1,3,13,43.3,13,1,4,3,1,28,13,2.3,9.3
Deshon Singleton Jr.,156476,S,NORTH SENR,1,18,0,356,0,,,100.0,,,0,0,,46.6,0,,,0,0,0.0,0,7,38.9,7,0,0,0,0,0,0,0.0,,0,0,4.0,100.0,100.0,10.0,10.0,0,0,0.0,71.8,1,6,0.0,0,0,52.1,1,10,55.6,10,0,1,1,0,6,2,0.6,6.0
Hezekiah Masses,156555,CB,NORTH SENR,1,21,0,356,0,,,100.0,,,0,0,,64.5,0,,,0,0,0.0,0,8,38.1,8,0,0,0,0,0,0,0.0,,0,0,,,100.0,,,0,0,,65.5,0,,,0,0,0.0,0,12,57.1,12,0,0,0,0,0,0,0.0,
Jacob Thomas,156722,S,AIN HULA,1,21,0,1447,0,4.0,100.0,100.0,12.0,12.0,0,0,0.0,78.7,0,4,0.0,0,0,83.3,1,12,57.1,12,1,2,1,0,4,0,0.3,4.0,0,1,,,100.0,,,0,0,,65.7,0,,0.0,0,0,0.0,0,9,42.9,9,0,0,0,0,0,0,0.0,
Brent Austin,156723,CB,EAST SHRNE,1,23,0,354,0,22.0,100.0,100.0,8.0,8.0,0,0,0.0,45.4,0,23,0.0,0,0,118.8,1,9,39.1,9,0,1,1,0,23,1,2.9,23.0,0,0,2.3,100.0,100.0,3.3,3.3,0,0,0.0,65.1,0,9,0.0,0,0,82.3,4,13,56.5,13,2,4,4,0,15,6,1.2,3.8
Keyshaun Elliott,156945,LB,AMER SENR,1,21,0,357,0,,,100.0,,,0,0,,61.6,0,,,0,0,0.0,0,4,19.0,4,0,0,0,0,0,0,0.0,,0,0,11.5,50.0,100.0,15.0,7.5,0,0,0.0,30.9,0,24,,0,0,93.8,1,16,76.2,16,0,0,2,0,24,2,1.6,24.0
Mani Powell,157027,LB,KAI HULA,1,27,0,1446,0,,,100.0,,,0,0,,62.6,0,,,0,0,0.0,0,12,44.4,12,0,0,0,0,0,0,0.0,,0,0,19.0,100.0,100.0,14.0,14.0,0,0,0.0,55.8,0,24,0.0,0,0,118.8,1,14,51.9,14,0,1,1,0,24,5,1.7,24.0
Jordan Crook,157032,LB,AIN HULA,1,20,0,1447,0,24.0,100.0,100.0,11.0,11.0,0,0,0.0,50.1,0,27,0.0,0,0,158.3,1,12,60.0,12,0,1,1,1,27,3,2.5,27.0,0,0,11.0,100.0,100.0,2.7,2.7,0,0,0.0,49.4,0,26,0.0,0,0,118.8,3,8,40.0,8,1,1,3,0,50,17,6.3,16.7
Caleb Wooden,157051,S,GUAR AMER,1,15,0,1541,0,,,100.0,,,0,0,,61.0,0,,,0,0,0.0,0,2,13.3,2,0,0,0,0,0,0,0.0,,0,0,,,100.0,,,0,0,,50.8,0,,,0,0,0.0,0,13,86.7,13,0,0,0,0,0,0,0.0,
DeCarlos Nicholson,157143,CB,AIN HULA,1,15,0,1447,0,17.0,0.0,100.0,,9.0,0,1,100.0,74.7,0,,,0,1,39.6,0,10,66.7,10,0,0,1,0,0,0,0.0,,0,0,,,100.0,,,0,0,,64.7,0,,0.0,0,0,0.0,0,5,33.3,5,0,1,0,0,0,0,0.0,
Namdi Obiazor,157288,LB,GUAR AMER,2,27,0,1541,0,-3.0,0.0,85.7,,6.0,0,0,0.0,61.7,0,,,0,0,39.6,0,6,22.2,7,0,0,1,0,0,0,0.0,,0,1,8.3,50.0,100.0,9.0,4.5,0,0,0.0,41.8,0,18,0.0,0,0,70.8,2,20,74.1,20,0,0,4,0,26,5,1.4,13.0
Jaylon Guilbeau,157307,CB,WEST SHRNE,1,20,0,355,0,,,,,,0,0,,,0,,,0,0,0.0,0,0,0.0,0,0,0,0,0,0,0,,,0,0,6.0,66.7,100.0,7.5,5.0,0,0,0.0,55.9,0,12,0.0,0,0,79.9,2,16,80.0,16,1,1,3,0,16,9,1.1,8.0
Brylan Green,157386,S,GUAR AMER,1,11,0,1541,0,,,100.0,,,0,0,,60.5,0,,,0,0,0.0,0,2,18.2,2,0,0,0,0,0,0,0.0,,0,0,16.0,100.0,100.0,7.0,7.0,0,0,0.0,55.7,0,17,0.0,0,0,118.8,1,9,81.8,9,0,1,1,0,17,1,2.4,17.0
Elijah Herring,157614,LB,AIN HULA,1,10,0,1447,0,0.0,100.0,100.0,3.0,3.0,0,0,0.0,61.5,0,3,,0,0,79.2,1,4,40.0,4,0,0,1,0,3,3,1.0,3.0,0,0,3.0,100.0,100.0,6.0,6.0,0,0,0.0,44.0,0,12,,0,0,116.7,1,6,60.0,6,0,0,1,0,12,9,2.0,12.0
VJ Payne,157780,S,NORTH SENR,1,11,0,356,0,,,100.0,,,0,0,,62.2,0,,,0,0,0.0,0,4,36.4,4,0,0,0,0,0,0,0.0,,0,0,,,100.0,,,0,0,,62.8,0,,,0,0,0.0,0,6,54.5,6,0,0,0,0,0,0,0.0,
Michael Dansby,157849,CB,GUAR AMER,1,16,0,1541,0,26.5,0.0,100.0,,3.0,0,1,50.0,78.1,0,,,0,0,39.6,0,6,37.5,6,0,0,2,0,0,0,0.0,,0,1,-5.0,100.0,100.0,9.0,9.0,0,0,0.0,53.8,0,14,0.0,0,0,118.8,1,9,56.3,9,0,0,1,0,14,19,1.6,14.0
Owen Heinecke,158098,LB,AMER SENR,1,6,0,357,0,,,100.0,,,0,0,,60.4,0,,,0,0,0.0,0,2,33.3,2,0,0,0,0,0,0,0.0,,0,1,9.0,100.0,100.0,3.0,3.0,0,0,0.0,52.8,0,18,0.0,0,0,118.8,1,4,66.7,4,0,1,1,0,18,9,6.0,18.0
Jerry Wilson,158310,CB,GUAR AMER,1,9,0,1541,0,,,100.0,,,0,0,,61.4,0,,,0,0,0.0,0,2,22.2,2,0,0,0,0,0,0,0.0,,0,0,-3.0,0.0,100.0,,6.0,0,0,0.0,63.8,0,,,0,0,39.6,0,7,77.8,7,0,0,1,0,0,0,0.0,
Malik Spencer,158397,S,AIN HULA,1,29,0,1447,0,0.0,100.0,100.0,13.0,13.0,0,0,0.0,64.2,0,0,,0,0,79.2,1,15,51.7,15,0,0,1,0,0,0,0.0,0.0,0,2,,,100.0,,,0,0,,59.6,0,,33.3,1,0,0.0,0,14,48.3,14,0,0,0,0,0,0,0.0,
Lander Barton,158473,LB,EAST SHRNE,1,25,0,354,0,,,100.0,,,0,0,,79.2,0,,0.0,0,0,0.0,0,9,36.0,9,1,1,0,0,0,0,0.0,,0,0,3.0,66.7,100.0,7.5,5.0,0,0,0.0,63.9,0,25,0.0,0,0,93.8,2,15,60.0,15,1,2,3,0,26,18,1.7,13.0
Thaddeus Dixon,158614,CB,NORTH SENR,1,7,0,356,0,,,100.0,,,0,0,,62.2,0,,,0,0,0.0,0,3,42.9,3,0,0,0,0,0,0,0.0,,0,0,,,100.0,,,0,0,,62.0,0,,,0,0,0.0,0,3,42.9,3,0,0,0,0,0,0,0.0,
Austin Brown,158689,S,WEST SHRNE,1,24,0,355,0,,,,,,0,0,,,0,,,0,0,0.0,0,0,0.0,0,0,0,0,0,0,0,,,0,0,10.0,0.0,100.0,,18.0,0,0,0.0,54.8,0,,,0,0,39.6,0,19,79.2,19,0,0,1,0,0,0,0.0,
Ephesians Prysock,158740,CB,AMER SENR,1,19,0,357,0,11.0,0.0,100.0,,1.0,0,2,100.0,82.1,0,,,0,1,39.6,0,2,10.5,2,0,0,2,0,0,0,0.0,,0,0,13.0,0.0,100.0,,7.5,0,1,50.0,70.8,0,,,0,0,39.6,0,16,84.2,16,0,0,2,0,0,0,0.0,
Chris Johnson,158794,CB,NORTH SENR,1,8,0,356,0,15.0,0.0,100.0,,3.0,1,0,0.0,70.2,0,,,0,0,39.6,0,3,37.5,3,0,0,1,0,0,0,0.0,,0,0,,,100.0,,,0,0,,63.0,0,,,0,0,0.0,0,4,50.0,4,0,0,0,0,0,0,0.0,
Bryce Phillips,159665,CB,WEST SHRNE,1,15,0,355,0,,,,,,0,0,,,0,,,0,0,0.0,0,0,0.0,0,0,0,0,0,0,0,,,0,0,14.0,0.0,100.0,,12.0,0,0,0.0,57.9,0,,,0,0,39.6,0,12,80.0,12,0,0,1,0,0,0,0.0,
Jaden Rios,160106,CB,KAI HULA,1,31,0,1446,0,20.0,0.0,100.0,,13.0,0,0,0.0,60.1,0,,0.0,0,0,39.6,0,14,45.2,14,0,1,1,0,0,0,0.0,,0,0,7.0,100.0,100.0,14.0,14.0,0,0,0.0,60.8,0,7,0.0,0,0,95.8,1,15,48.4,15,0,1,1,0,7,0,0.5,7.0
Myles Rowser,160351,S,EAST SHRNE,1,33,0,354,0,,,100.0,,,0,0,,63.6,0,,,0,0,0.0,0,9,27.3,9,0,0,0,0,0,0,0.0,,0,0,,,100.0,,,0,0,,65.6,0,,,0,0,0.0,0,23,69.7,23,0,0,0,0,0,0,0.0,
Cole Kozlowski,160467,LB,GUAR AMER,1,10,0,1541,1,,,100.0,,,0,0,,63.5,0,,0.0,0,0,0.0,0,4,40.0,4,0,0,0,0,0,0,0.0,,0,0,,,100.0,,,0,0,,60.8,0,,,0,0,0.0,0,6,60.0,6,0,0,0,0,0,0,0.0,
Harold O'Neal III,161250,LB,HBCUGA,1,18,0,1459,0,14.0,100.0,100.0,14.0,14.0,0,0,0.0,55.5,0,17,0.0,0,0,118.8,1,14,77.8,14,0,1,1,0,17,3,1.2,17.0,0,0,,,100.0,,,0,0,,61.3,0,,,0,0,0.0,0,4,22.2,4,0,0,0,0,0,0,0.0,
Declan Williams,161383,LB,EAST SHRNE,1,18,0,354,0,,,100.0,,,0,0,,72.1,0,,0.0,0,0,0.0,0,7,38.9,7,1,1,0,0,0,0,0.0,,0,0,3.0,100.0,100.0,10.0,10.0,0,0,0.0,64.2,0,6,0.0,0,0,91.7,1,10,55.6,10,0,1,1,0,6,3,0.6,6.0
Jaden Dugger,162137,LB,EAST SHRNE,1,22,0,354,0,,,87.5,,,0,0,,62.4,0,,,0,0,0.0,0,7,31.8,8,0,0,0,0,0,0,0.0,,0,1,1.3,100.0,100.0,5.0,5.0,1,0,0.0,63.6,0,16,0.0,0,0,98.6,3,15,68.2,15,0,1,3,0,23,19,1.5,7.7
Kamari Ramsey,162465,S,AMER SENR,1,23,0,357,0,,,100.0,,,0,0,,62.6,0,,,0,0,0.0,0,4,17.4,4,0,0,0,0,0,0,0.0,,0,0,-3.0,100.0,100.0,18.0,18.0,0,0,0.0,66.5,0,7,0.0,0,0,95.8,1,19,82.6,19,0,1,1,0,7,10,0.4,7.0
Dariel Djabome,162903,LB,AIN HULA,1,15,0,1447,0,,,100.0,,,0,0,,62.8,0,,,0,0,0.0,0,8,53.3,8,0,0,0,0,0,0,0.0,,0,0,0.0,0.0,87.5,,7.0,0,0,0.0,64.5,0,,0.0,0,0,39.6,0,7,46.7,8,0,1,1,0,0,0,0.0,
Jalen Huskey,163106,S,WEST SHRNE,1,12,0,355,0,,,,,,0,0,,,0,,,0,0,0.0,0,0,0.0,0,0,0,0,0,0,0,,,0,0,,,100.0,,,0,1,,74.0,0,,,0,1,0.0,0,12,100.0,12,0,0,0,0,0,0,0.0,
Nasir Bowers,163152,CB,WRHK AMER,1,4,0,1542,0,-2.0,100.0,100.0,1.0,1.0,0,0,0.0,60.0,0,16,,0,0,118.8,1,1,25.0,1,0,0,1,0,16,18,16.0,16.0,0,0,14.0,0.0,100.0,,3.0,0,0,0.0,91.7,1,,,0,0,0.0,0,3,75.0,3,0,0,1,0,0,0,0.0,
Kalib Fortner,163190,LB,KAI HULA,1,27,0,1446,0,3.6,60.0,100.0,4.0,2.4,0,1,20.0,42.2,0,17,0.0,0,0,86.3,3,12,44.4,12,0,1,5,0,41,40,3.4,13.7,0,0,9.5,100.0,100.0,6.0,6.0,0,0,0.0,53.9,0,17,,0,0,114.6,2,13,48.1,13,0,0,2,0,23,4,1.9,11.5
Bryce Boettcher,163288,LB,NORTH SENR,1,18,0,356,0,-6.0,100.0,100.0,5.0,5.0,0,0,0.0,56.1,0,2,100.0,1,0,79.2,1,7,38.9,7,0,0,1,0,2,8,0.4,2.0,0,1,3.0,100.0,100.0,3.0,3.0,0,0,0.0,64.3,0,9,0.0,0,0,93.1,3,10,55.6,10,0,2,3,0,19,10,2.1,6.3
Samuel Graham,163461,LB,HBCUGA,1,12,0,1459,0,23.5,50.0,100.0,10.0,5.0,0,0,0.0,52.1,0,27,,0,0,95.8,1,10,83.3,10,0,0,2,0,27,0,2.7,27.0,0,0,,,100.0,,,0,0,,61.2,0,,,0,0,0.0,0,2,16.7,2,0,0,0,0,0,0,0.0,
Ethan Burke,163843,ED,WEST SHRNE,1,3,0,355,0,,,,,,0,0,,,0,,,0,0,0.0,0,0,0.0,0,0,0,0,0,0,0,,,0,0,-1.0,100.0,15.8,3.0,3.0,0,0,0.0,71.7,0,3,0.0,0,0,79.2,1,3,100.0,19,1,1,1,0,3,4,1.0,3.0
Larry Worth III,163980,S,KAI HULA,1,18,0,1446,0,,,100.0,,,0,0,,63.0,0,,,0,0,0.0,0,8,44.4,8,0,0,0,0,0,0,0.0,,0,0,10.5,0.0,100.0,,3.5,0,2,100.0,89.6,0,,,0,2,39.6,0,8,44.4,8,0,0,2,0,0,0,0.0,
Jonquis Hardaway,164132,CB,AIN HULA,1,14,0,1447,0,9.0,100.0,100.0,6.0,6.0,0,0,0.0,57.0,0,14,0.0,0,0,118.8,1,7,50.0,7,0,1,1,0,14,5,2.3,14.0,0,0,5.0,100.0,100.0,7.0,7.0,0,0,0.0,65.6,0,8,0.0,0,0,100.0,1,7,50.0,7,0,1,1,0,8,3,1.1,8.0
Cam Miller,164178,CB,KAI HULA,1,23,0,1446,0,,,100.0,,,0,0,,52.8,0,,,0,0,0.0,0,11,47.8,11,0,0,0,0,0,0,0.0,,0,1,5.7,66.7,100.0,6.0,4.0,0,0,0.0,52.1,1,16,0.0,0,0,55.6,2,12,52.2,12,0,1,3,0,27,14,2.3,13.5
Matthew Leach,165870,LB,HBCUGA,1,14,0,1459,0,,,100.0,,,0,0,,62.8,0,,,0,0,0.0,0,13,92.9,13,0,0,0,0,0,0,0.0,,0,0,,,100.0,,,0,0,,60.0,0,,,0,0,0.0,0,1,7.1,1,0,0,0,0,0,0,0.0,
Antwone Watts,167238,S,HBCURO,2,36,0,1460,0,10.2,20.0,100.0,18.0,3.6,0,1,20.0,66.8,0,17,,0,1,41.3,1,18,50.0,18,0,0,5,0,17,3,0.9,17.0,0,0,,,100.0,,,0,0,,58.2,0,,,0,0,0.0,0,18,50.0,18,0,0,0,0,0,0,0.0,
Mikael King,168542,CB,HBCURO,1,13,0,1460,0,11.0,50.0,100.0,7.0,3.5,0,0,0.0,55.7,0,8,,0,0,100.0,1,7,53.8,7,0,0,2,1,8,0,1.1,8.0,0,0,9.5,100.0,100.0,2.5,2.5,0,0,0.0,42.0,0,21,0.0,0,0,118.8,2,6,46.2,6,0,1,2,0,33,14,6.6,16.5
Kapena Gushiken,174157,S,GUAR AMER,1,20,0,1541,0,1.0,100.0,100.0,6.0,6.0,0,0,0.0,74.1,0,1,0.0,0,0,79.2,1,7,35.0,7,1,1,1,0,1,0,0.2,1.0,0,0,,,100.0,,,0,0,,64.5,0,,,0,0,0.0,0,12,60.0,12,0,0,0,0,0,0,0.0,
Lardarius Webb Jr.,174314,CB,WRHK AMER,1,19,0,1542,0,,,100.0,,,0,0,,61.3,0,,,0,0,0.0,0,2,10.5,2,0,0,0,0,0,0,0.0,,0,0,15.3,33.3,100.0,14.0,4.7,1,1,33.3,61.7,0,9,100.0,1,1,42.4,1,14,73.7,14,0,0,3,0,9,9,0.6,9.0
Jalon Kilgore,174323,CB,AMER SENR,1,28,0,357,0,,,100.0,,,0,0,,63.0,0,,,0,0,0.0,0,5,17.9,5,0,0,0,0,0,0,0.0,,0,0,8.0,100.0,100.0,7.3,7.3,0,0,0.0,54.9,0,17,0.0,0,0,116.7,3,22,78.6,22,0,5,3,0,36,12,1.6,12.0
Stemarion Edwards,178483,LB,HBCURO,1,10,0,1460,0,,,100.0,,,0,0,,62.1,0,,,0,0,0.0,0,5,50.0,5,0,0,0,0,0,0,0.0,,0,0,10.0,100.0,100.0,3.0,3.0,0,0,0.0,51.8,0,18,0.0,0,0,118.8,1,5,50.0,5,0,1,1,0,18,8,6.0,18.0
Domonique Davis,180509,LB,HBCURO,1,15,0,1460,1,0.0,100.0,100.0,11.0,11.0,0,0,0.0,71.5,0,1,0.0,0,0,79.2,1,12,80.0,12,1,1,1,0,1,1,0.1,1.0,0,0,,,100.0,,,0,0,,62.8,0,,0.0,0,0,0.0,0,3,20.0,3,0,1,0,0,0,0,0.0,
Travor Randle,181171,S,HBCURO,1,26,0,1460,0,16.3,0.0,100.0,,4.3,0,2,66.7,74.8,0,,,0,1,39.6,0,14,53.8,14,0,0,3,0,0,0,0.0,,0,1,13.0,100.0,100.0,9.0,9.0,0,0,0.0,58.1,0,13,0.0,0,0,118.8,1,12,46.2,12,0,0,1,0,13,0,1.4,13.0
Darrius Stokes,181300,S,HBCURO,1,18,0,1460,0,0.5,100.0,100.0,5.5,5.5,0,0,0.0,56.5,0,13,50.0,1,0,106.3,2,12,66.7,12,1,1,2,0,19,18,1.7,9.5,0,0,1.0,100.0,100.0,5.0,5.0,0,0,0.0,55.6,0,6,0.0,0,0,91.7,1,6,33.3,6,0,2,1,0,6,5,1.2,6.0
Reid Pulliam,186121,LB,HBCURO,1,11,0,1460,0,,,100.0,,,0,0,,64.0,0,,0.0,0,0,0.0,0,6,54.5,6,0,1,0,0,0,0,0.0,,0,0,,,100.0,,,0,0,,62.0,0,,,0,0,0.0,0,5,45.5,5,0,0,0,0,0,0,0.0,
Blake Davis,189217,CB,HBCURO,1,19,0,1460,0,12.0,50.0,100.0,10.0,5.0,0,1,50.0,62.8,0,21,,0,1,87.5,1,11,57.9,11,0,0,2,0,21,11,2.1,21.0,0,0,15.0,100.0,100.0,6.0,6.0,0,0,0.0,42.4,1,17,,0,0,79.2,1,8,42.1,8,0,0,1,0,17,2,2.8,17.0
Jamieson Alston,196398,LB,HBCUGA,1,11,0,1459,0,1.0,0.0,100.0,,9.0,0,0,0.0,53.4,0,,0.0,0,0,39.6,0,9,81.8,9,0,1,1,0,0,0,0.0,,0,0,25.0,100.0,100.0,2.0,2.0,0,0,0.0,54.7,0,26,,0,0,158.3,1,2,18.2,2,0,0,1,1,26,1,13.0,26.0
Jarod Washington,196899,CB,EAST SHRNE,1,15,0,354,0,,,100.0,,,0,0,,64.3,0,,0.0,0,0,0.0,0,4,26.7,4,0,1,0,0,0,0,0.0,,0,0,12.7,66.7,100.0,5.5,3.7,0,0,0.0,42.5,0,16,0.0,0,0,89.6,2,11,73.3,11,1,1,3,0,23,7,2.1,11.5
Christopher Calhoun III,211914,LB,HBCUGA,1,9,0,1459,0,1.0,100.0,100.0,7.0,7.0,0,0,0.0,45.6,0,22,0.0,0,0,118.8,1,7,77.8,7,0,1,1,0,22,21,3.1,22.0,0,0,,,100.0,,,0,0,,60.5,0,,,0,0,0.0,0,2,22.2,2,0,0,0,0,0,0,0.0,
Kosuke Hara,212596,LB,KAI HULA,1,9,0,1446,0,-1.0,100.0,100.0,5.0,5.0,0,0,0.0,72.0,0,3,0.0,0,0,79.2,1,5,55.6,5,1,1,1,0,3,4,0.6,3.0,0,0,,,100.0,,,0,0,,61.1,0,,,0,0,0.0,0,4,44.4,4,0,0,0,0,0,0,0.0,
TJ Taybron,213348,CB,HBCUGA,1,17,0,1459,0,,,100.0,,,0,0,,65.9,0,,0.0,0,0,0.0,0,14,82.4,14,0,1,0,0,0,0,0.0,,0,0,,,100.0,,,0,0,,61.7,0,,,0,0,0.0,0,3,17.6,3,0,0,0,0,0,0,0.0,
Evan Powell,213351,S,HBCUGA,1,9,0,1459,0,,,100.0,,,0,0,,55.7,0,,50.0,1,0,0.0,0,8,88.9,8,0,1,0,0,0,0,0.0,,0,1,,,100.0,,,0,0,,63.0,0,,0.0,0,0,0.0,0,1,11.1,1,0,0,0,0,0,0,0.0,
