player,player_id,position,team_name,player_game_count,batted_passes,declined_penalties,franchise_id,grades_pass_rush_defense,hits,hurries,pass_rush_opp,pass_rush_percent,pass_rush_win_rate,pass_rush_wins,penalties,prp,sacks,snap_counts_pass_play,snap_counts_pass_rush,total_pressures,true_pass_set_batted_passes,true_pass_set_grades_pass_rush_defense,true_pass_set_hits,true_pass_set_hurries,true_pass_set_pass_rush_opp,true_pass_set_pass_rush_percent,true_pass_set_pass_rush_win_rate,true_pass_set_pass_rush_wins,true_pass_set_prp,true_pass_set_sacks,true_pass_set_snap_counts_pass_play,true_pass_set_snap_counts_pass_rush,true_pass_set_total_pressures
Gracen Halton,85774,DI,AMER SENR,1,0,0,357,66.3,1,0,5,100.0,20.0,1,0,10.0,0,5,5,1,0,67.7,1,0,3,100.0,33.3,1,16.7,0,3,3,1
Rico Watson III,99809,ED,WRHK AMER,1,0,0,1542,59.2,0,1,10,100.0,10.0,1,0,5.0,0,11,11,1,0,61.1,0,1,6,100.0,16.7,1,8.3,0,7,7,1
Gary Smith III,122388,DI,EAST SHRNE,1,0,0,354,57.5,0,0,9,100.0,0.0,0,0,0.0,0,9,9,0,0,58.2,0,0,3,100.0,0.0,0,0.0,0,3,3,0
Ben Bell,122665,ED,KAI HULA,1,0,0,1446,83.5,1,4,22,100.0,22.7,5,0,11.4,0,23,23,5,0,69.9,0,3,8,100.0,25.0,2,18.8,0,9,9,3
Mason Reiger,122721,ED,EAST SHRNE,1,0,0,354,82.7,0,1,28,100.0,14.3,4,0,12.5,3,29,29,4,0,86.2,0,1,18,100.0,22.2,4,13.9,2,19,19,3
Dayon Hayes,123010,ED,WRHK AMER,2,0,1,1542,58.5,0,3,19,100.0,10.5,2,2,13.2,1,23,23,4,0,66.6,0,1,9,100.0,22.2,2,16.7,1,13,13,2
Adonis Friloux,123216,DI,WEST SHRNE,1,0,0,355,55.9,0,0,9,100.0,0.0,0,0,0.0,0,12,12,0,0,57.4,0,0,3,100.0,0.0,0,0.0,0,4,4,0
Jacobian Guillory II,124097,DI,GUAR AMER,1,0,0,1541,59.2,0,1,16,100.0,6.3,1,0,3.1,0,18,18,1,0,61.0,0,1,7,100.0,14.3,1,7.1,0,9,9,1
Dominic Bailey,124267,ED,KAI HULA,1,0,0,1446,61.2,0,1,13,100.0,0.0,0,0,3.8,0,14,14,1,0,64.3,0,1,6,100.0,0.0,0,8.3,0,7,7,1
Bryson Eason,124276,DI,NORTH SENR,1,0,0,356,86.6,0,1,10,100.0,10.0,1,0,5.0,0,14,14,1,0,90.2,0,0,5,100.0,20.0,1,0.0,0,9,9,0
James Stewart,126263,ED,HBCUGA,1,0,0,1459,81.5,1,2,27,100.0,22.2,6,0,9.3,1,27,27,4,0,84.7,1,2,17,100.0,35.3,6,8.8,0,17,17,3
Langston Patterson,126465,LB,WRHK AMER,1,0,0,1542,60.0,0,0,1,9.1,100.0,1,0,0.0,0,11,1,0,0,,0,0,0,0.0,,0,,0,8,0,0
Sabastian Harsh,128416,ED,WRHK AMER,1,0,0,1542,75.1,1,2,15,100.0,33.3,5,0,10.0,0,16,16,3,0,77.2,1,1,11,100.0,45.5,5,9.1,0,12,12,2
Mitchell Melton,129753,ED,KAI HULA,1,0,0,1446,90.2,2,3,22,100.0,22.7,5,0,15.9,1,23,23,6,0,79.0,1,1,8,100.0,25.0,2,12.5,0,9,9,2
Cole Brevard,129766,DI,GUAR AMER,1,0,0,1541,65.2,0,2,11,100.0,18.2,2,0,9.1,0,12,12,2,0,62.1,0,1,7,100.0,14.3,1,7.1,0,8,8,1
Wesley Bailey,129871,ED,AIN HULA,1,0,0,1447,67.5,2,0,18,100.0,11.1,2,0,5.6,0,18,18,2,0,61.7,1,0,6,100.0,0.0,0,8.3,0,6,6,1
Rene Konga,129880,DI,GUAR AMER,2,0,0,1541,62.1,0,3,30,100.0,10.0,3,0,5.0,0,33,33,3,0,58.2,0,1,14,100.0,7.1,1,3.6,0,17,17,1
James Thompson Jr.,129930,DI,WEST SHRNE,1,0,0,355,61.9,0,0,9,100.0,0.0,0,0,11.1,1,9,9,1,0,57.9,0,0,2,100.0,0.0,0,0.0,0,2,2,0
Daniel Rickert,138135,ED,GUAR AMER,1,0,0,1541,81.0,0,1,15,100.0,6.7,1,0,10.0,1,16,16,2,0,86.6,0,0,11,100.0,9.1,1,9.1,1,12,12,1
Carlos Allen Jr.,141334,DI,KAI HULA,1,0,0,1446,64.9,1,0,17,90.0,5.9,1,0,2.9,0,20,18,1,0,71.6,1,0,6,100.0,16.7,1,8.3,0,7,7,1
Quincy Ivory,143327,ED,HBCURO,1,0,0,1460,65.6,1,0,25,100.0,8.0,2,0,6.0,1,28,28,2,0,66.3,1,0,11,100.0,9.1,1,4.5,0,13,13,1
Quintayvious Hutchins,143827,ED,AMER SENR,1,0,0,357,61.2,0,2,17,100.0,11.8,2,0,17.6,2,18,18,4,0,57.8,0,1,11,100.0,0.0,0,4.5,0,11,11,1
Aaron Hall,143855,DI,EAST SHRNE,1,0,0,354,72.4,1,3,27,100.0,7.4,2,0,7.4,0,28,28,4,0,75.9,1,3,18,100.0,11.1,2,11.1,0,19,19,4
Keeshawn Silver,143979,DI,AIN HULA,1,0,0,1447,62.4,0,0,15,94.1,6.7,1,0,6.7,1,17,16,1,0,65.4,0,0,5,100.0,20.0,1,20.0,1,5,5,1
Keli Lawson,144087,LB,GUAR AMER,1,0,0,1541,58.2,0,0,1,15.4,0.0,0,0,0.0,0,13,2,0,0,58.2,0,0,1,20.0,0.0,0,0.0,0,10,2,0
Caleb Banks,144146,DI,AMER SENR,1,0,0,357,71.2,1,2,13,100.0,15.4,2,0,19.2,1,14,14,4,0,69.8,1,2,7,100.0,14.3,1,35.7,1,7,7,4
Mike Lunz,144426,ED,HBCUGA,1,0,0,1459,82.5,1,2,29,100.0,20.7,6,0,12.1,2,29,29,5,0,87.4,0,1,18,100.0,33.3,6,13.9,2,18,18,3
Tommy Dunn Jr.,144584,DI,AIN HULA,1,0,0,1447,60.1,1,0,14,100.0,0.0,0,1,3.6,0,15,15,1,0,61.3,1,0,9,100.0,0.0,0,5.6,0,9,9,1
Max Llewellyn,144874,ED,NORTH SENR,1,1,0,356,57.9,0,0,14,100.0,0.0,0,0,0.0,0,18,18,0,0,53.7,0,0,8,100.0,0.0,0,0.0,0,12,12,0
Rayshaun Benny,144933,DI,AMER SENR,1,0,0,357,52.9,0,1,14,100.0,7.1,1,0,3.6,0,14,14,1,0,52.9,0,1,9,100.0,11.1,1,5.6,0,9,9,1
T.J. Guy,144938,ED,WRHK AMER,1,0,0,1542,63.0,0,0,8,66.7,12.5,1,0,12.5,1,12,8,1,0,63.5,0,0,6,75.0,16.7,1,16.7,1,8,6,1
Aidan Hubbard,145048,ED,WEST SHRNE,1,0,0,355,52.3,0,1,9,81.8,0.0,0,0,5.6,0,11,9,1,0,52.4,0,1,5,100.0,0.0,0,10.0,0,5,5,1
Carmine Bastone,145050,DI,KAI HULA,1,0,0,1446,49.1,0,1,17,100.0,0.0,0,0,2.9,0,18,18,1,0,55.9,0,0,7,100.0,0.0,0,0.0,0,8,8,0
Khordae Sydnor,145124,ED,WRHK AMER,1,0,0,1542,71.8,0,2,13,100.0,23.1,3,0,7.7,0,14,14,2,0,75.4,0,2,8,100.0,37.5,3,12.5,0,9,9,2
Michael Heldman,145731,ED,AIN HULA,2,0,0,1447,75.3,0,3,23,100.0,30.4,7,0,10.9,1,25,25,4,0,71.5,0,2,13,100.0,30.8,4,15.4,1,13,13,3
Damon Payne,146611,DI,WRHK AMER,1,1,0,1542,63.7,0,0,9,100.0,0.0,0,0,0.0,0,9,9,0,1,64.2,0,0,7,100.0,0.0,0,0.0,0,7,7,0
Monkell Goodwine,146616,DI,WEST SHRNE,1,0,0,355,63.3,0,0,16,100.0,12.5,2,0,0.0,0,18,18,0,0,63.7,0,0,6,100.0,16.7,1,0.0,0,7,7,0
Tim Keenan III,146617,DI,AMER SENR,1,0,0,357,58.5,0,0,6,100.0,0.0,0,0,0.0,0,6,6,0,0,60.0,0,0,1,100.0,0.0,0,0.0,0,1,1,0
Cameron Ball,146644,DI,AMER SENR,1,0,0,357,57.0,0,0,10,100.0,0.0,0,0,0.0,0,10,10,0,0,57.5,0,0,4,100.0,0.0,0,0.0,0,4,4,0
Nick Barrett,146926,DI,AMER SENR,1,0,0,357,56.2,0,0,7,100.0,0.0,0,0,0.0,0,7,7,0,0,57.1,0,0,4,100.0,0.0,0,0.0,0,4,4,0
Gabriel Rubio,147499,DI,AIN HULA,1,0,0,1447,55.8,0,0,14,100.0,0.0,0,0,0.0,0,15,15,0,0,56.0,0,0,9,100.0,0.0,0,0.0,0,9,9,0
Kody Huisman,148174,DI,WRHK AMER,1,0,0,1542,61.1,1,0,10,100.0,0.0,0,0,5.0,0,11,11,1,0,62.1,1,0,6,100.0,0.0,0,8.3,0,7,7,1
Mason Woods,148468,LB,WRHK AMER,1,0,0,1542,59.9,0,0,1,12.5,0.0,0,0,0.0,0,8,1,0,0,59.9,0,0,1,16.7,0.0,0,0.0,0,6,1,0
Bryce Cage,150163,ED,HBCURO,1,0,1,1460,64.1,0,1,16,100.0,12.5,2,1,3.1,0,19,19,1,0,54.6,0,0,5,100.0,0.0,0,0.0,0,6,6,0
Christian Smith,150478,DI,HBCUGA,1,0,0,1459,58.5,0,0,21,100.0,4.8,1,0,0.0,0,21,21,0,0,54.5,0,0,13,100.0,0.0,0,0.0,0,13,13,0
Erick Hunter,150533,LB,WRHK AMER,2,0,0,1542,60.0,0,1,1,2.4,100.0,1,0,50.0,0,42,1,1,0,,0,0,0,0.0,,0,,0,25,0,0
Jeremiah Williams,150948,DI,HBCURO,1,0,0,1460,75.6,1,2,22,100.0,18.2,4,0,6.8,0,25,25,3,0,81.1,1,1,8,100.0,37.5,3,12.5,0,10,10,2
Tamatoa McDonough,151151,ED,EAST SHRNE,1,0,0,354,53.9,0,0,9,100.0,0.0,0,0,0.0,0,9,9,0,0,57.3,0,0,3,100.0,0.0,0,0.0,0,3,3,0
Michael Akins,153265,ED,HBCURO,1,0,0,1460,53.0,0,0,12,100.0,0.0,0,1,0.0,0,15,15,0,0,53.8,0,0,6,100.0,0.0,0,0.0,0,8,8,0
Tim Alderman,154072,ED,HBCUGA,1,0,0,1459,59.7,0,1,11,100.0,9.1,1,0,4.5,0,11,11,1,0,60.6,0,1,9,100.0,11.1,1,5.6,0,9,9,1
Jamal Jones,154670,ED,HBCUGA,1,0,0,1459,62.5,1,0,16,100.0,6.3,1,0,9.4,1,16,16,2,0,59.5,0,0,13,100.0,0.0,0,7.7,1,13,13,1
Blake Boenisch,155566,DI,EAST SHRNE,1,0,0,354,57.0,0,0,10,100.0,0.0,0,0,0.0,0,10,10,0,0,57.5,0,0,4,100.0,0.0,0,0.0,0,4,4,0
Eric O'Neill,155869,ED,AIN HULA,1,0,0,1447,77.1,0,3,11,100.0,36.4,4,1,22.7,1,13,13,4,0,71.4,0,3,8,100.0,37.5,3,18.8,0,8,8,3
Nadame Tucker,156169,ED,NORTH SENR,1,0,0,356,89.4,0,0,17,100.0,5.9,1,0,17.6,3,17,17,3,0,90.6,0,0,9,100.0,11.1,1,11.1,1,9,9,1
Vincent Anthony Jr.,156256,ED,NORTH SENR,1,0,0,356,92.3,1,1,13,100.0,30.8,4,0,15.4,1,15,15,3,0,92.8,0,0,7,100.0,28.6,2,14.3,1,9,9,1
Nyjalik Kelly,156339,ED,AMER SENR,1,0,0,357,54.2,0,0,15,100.0,0.0,0,0,0.0,0,15,15,0,0,55.0,0,0,7,100.0,0.0,0,0.0,0,7,7,0
Travis Shaw,156345,DI,KAI HULA,1,0,0,1446,65.4,0,0,4,83.3,25.0,1,0,0.0,0,6,5,0,0,66.3,0,0,1,100.0,100.0,1,0.0,0,2,2,0
Dasan McCullough,156403,ED,KAI HULA,1,0,0,1446,52.9,0,0,18,100.0,0.0,0,0,0.0,0,19,19,0,0,53.6,0,0,9,100.0,0.0,0,0.0,0,10,10,0
Aaron Graves,156445,DI,WRHK AMER,1,0,0,1542,52.8,0,2,12,100.0,8.3,1,0,8.3,0,13,13,2,0,52.5,0,2,8,100.0,12.5,1,12.5,0,9,9,2
Keyron Crawford,156660,ED,AMER SENR,1,0,0,357,58.9,0,4,23,100.0,13.0,3,0,13.0,1,23,23,5,0,66.2,0,3,13,100.0,23.1,3,19.2,1,13,13,4
Sterling Webb,156932,DI,WEST SHRNE,1,0,0,355,60.6,0,2,12,100.0,8.3,1,0,8.3,0,13,13,2,0,65.2,0,1,3,100.0,33.3,1,16.7,0,3,3,1
Namdi Obiazor,157288,LB,GUAR AMER,2,0,0,1541,66.8,0,1,1,3.6,100.0,1,0,50.0,0,28,1,1,0,59.4,0,0,1,6.7,0.0,0,0.0,0,15,1,0
Damonic Williams,157291,DI,AIN HULA,1,0,0,1447,59.3,0,3,16,100.0,12.5,2,0,9.4,0,17,17,3,0,61.7,0,3,5,100.0,40.0,2,30.0,0,5,5,3
Tyre West,157613,ED,WRHK AMER,2,1,0,1542,63.7,0,0,28,100.0,7.1,2,0,0.0,0,29,29,0,0,59.1,0,0,13,100.0,7.7,1,0.0,0,14,14,0
Chris McClellan,157743,DI,AMER SENR,1,1,0,357,69.0,0,1,16,100.0,12.5,2,0,3.1,0,17,17,1,0,67.8,0,1,8,100.0,25.0,2,6.3,0,8,8,1
Payton Zdroik,157898,DI,WRHK AMER,1,0,0,1542,92.0,0,4,13,100.0,23.1,3,0,15.4,0,14,14,4,0,74.7,0,2,7,100.0,14.3,1,14.3,0,8,8,2
Bryan Thomas Jr.,158108,ED,EAST SHRNE,1,0,0,354,47.9,0,1,24,100.0,0.0,0,0,2.1,0,24,24,1,0,47.4,0,1,18,100.0,0.0,0,2.8,0,18,18,1
Isaiah Smith,158282,ED,GUAR AMER,1,0,0,1541,73.9,0,1,21,100.0,19.0,4,0,7.1,1,23,23,2,0,68.1,0,0,9,100.0,11.1,1,0.0,0,11,11,0
Zion Young,158404,ED,AMER SENR,1,0,0,357,59.7,0,1,9,100.0,11.1,1,0,5.6,0,10,10,1,0,62.9,0,1,4,100.0,25.0,1,12.5,0,4,4,1
Nathan Voorhis,158637,ED,AIN HULA,1,0,0,1447,78.3,1,4,19,100.0,31.6,6,0,13.2,0,19,19,5,0,81.2,0,4,6,100.0,66.7,4,33.3,0,6,6,4
LT Overton,158667,ED,AMER SENR,1,0,0,357,60.3,0,0,12,100.0,8.3,1,0,8.3,1,12,12,1,0,63.0,0,0,5,100.0,20.0,1,20.0,1,5,5,1
Malick Sylla,158676,ED,GUAR AMER,1,0,0,1541,56.5,0,1,19,100.0,5.3,1,0,2.6,0,21,21,1,0,53.8,0,0,8,100.0,0.0,0,0.0,0,10,10,0
Warren Robinson,160101,ED,HBCURO,1,0,1,1460,63.2,0,2,18,100.0,16.7,3,1,5.6,0,20,20,2,0,61.9,0,0,12,100.0,16.7,2,0.0,0,13,13,0
Noah Miles,160535,ED,HBCUGA,1,0,0,1459,65.2,1,1,21,100.0,4.8,1,0,4.8,0,21,21,2,0,68.0,1,1,13,100.0,7.7,1,7.7,0,13,13,2
A.J. Pena,161381,ED,GUAR AMER,2,0,0,1541,63.0,0,4,31,100.0,19.4,6,0,9.7,1,33,33,5,0,64.2,0,4,18,100.0,27.8,5,16.7,1,20,20,5
Jaden Dugger,162137,LB,EAST SHRNE,1,0,0,354,59.5,0,0,1,4.3,0.0,0,0,0.0,0,23,1,0,0,,0,0,0,0.0,,0,,0,12,0,0
Landon Robinson,162580,DI,EAST SHRNE,1,0,0,354,62.9,0,0,12,100.0,8.3,1,0,0.0,0,13,13,0,0,57.4,0,0,3,100.0,0.0,0,0.0,0,4,4,0
Wesley Williams,162704,ED,EAST SHRNE,1,0,0,354,76.0,1,5,25,100.0,16.0,4,0,16.0,1,26,26,7,0,74.1,0,4,17,100.0,17.6,3,17.6,1,18,18,5
Dariel Djabome,162903,LB,AIN HULA,1,0,0,1447,60.0,0,0,1,6.3,0.0,0,0,0.0,0,16,1,0,0,,0,0,0,0.0,,0,,0,6,0,0
Ethan Burke,163843,ED,WEST SHRNE,1,0,0,355,66.4,0,3,18,87.5,16.7,3,0,8.3,0,24,21,3,0,68.3,0,3,10,100.0,30.0,3,15.0,0,11,11,3
Anterio Thompson,170176,DI,GUAR AMER,1,0,0,1541,60.1,1,0,15,100.0,0.0,0,0,3.3,0,16,16,1,0,62.2,1,0,10,100.0,0.0,0,5.0,0,11,11,1
Cian Slone,174768,ED,NORTH SENR,1,0,0,356,69.6,1,1,10,100.0,10.0,1,0,20.0,1,12,12,3,0,72.1,1,1,6,100.0,16.7,1,33.3,1,8,8,3
Keyshawn James-Newby,175089,ED,WEST SHRNE,1,0,0,355,58.0,2,2,21,100.0,14.3,3,1,9.5,0,24,24,4,0,62.5,1,1,10,100.0,20.0,2,10.0,0,11,11,2
Bobby Jamison-Travis,175881,DI,KAI HULA,1,2,0,1446,72.0,0,1,13,100.0,7.7,1,0,3.8,0,13,13,1,0,66.2,0,1,3,100.0,33.3,1,16.7,0,3,3,1
Tony Rountree Jr.,181382,DI,HBCURO,1,0,0,1460,61.9,1,0,13,100.0,7.7,1,0,3.8,0,14,14,1,0,64.7,1,0,5,100.0,20.0,1,10.0,0,5,5,1
Quincy Robinson,205968,ED,HBCUGA,1,0,0,1459,90.6,0,3,21,100.0,14.3,3,0,11.9,1,21,21,4,0,91.7,0,3,15,100.0,20.0,3,16.7,1,15,15,4
Shawn Robinson,207525,ED,HBCUGA,1,0,0,1459,90.1,1,4,14,100.0,35.7,5,0,32.1,2,14,14,7,0,89.1,1,4,10,100.0,40.0,4,35.0,1,10,10,6
Israel Nwokocha,213347,ED,HBCURO,1,0,0,1460,55.1,0,0,6,100.0,0.0,0,0,0.0,0,7,7,0,0,55.2,0,0,5,100.0,0.0,0,0.0,0,5,5,0
