player,player_id,position,team_name,player_game_count,assists,avg_depth_of_tackle,declined_penalties,forced_fumbles,franchise_id,grades_coverage_defense,grades_defense,grades_defense_penalty,grades_pass_rush_defense,grades_run_defense,grades_tackle,missed_tackle_rate,missed_tackles,penalties,run_stop_opp,snap_counts_run,stop_percent,stops,tackles
Domani Jackson,71370,CB,WEST SHRNE,1,1,,0,0,355,79.3,79.8,72.2,,63.0,76.2,0.0,0,0,5,5,0.0,0,0
DJ Harvey,72089,CB,GUAR AMER,1,0,,0,0,1541,66.1,66.5,72.7,,60.0,74.2,,0,0,1,2,0.0,0,0
Silas Walters,75263,S,WRHK AMER,1,1,7.0,0,0,1542,65.6,63.5,74.9,,59.1,50.5,33.3,1,0,17,17,0.0,0,1
Gracen Halton,85774,DI,AMER SENR,1,1,,0,0,357,,44.5,70.2,66.3,43.0,71.3,0.0,0,0,3,3,0.0,0,0
Ceyair Wright,86877,CB,AMER SENR,2,2,,0,0,357,65.1,66.6,77.4,,68.5,64.7,0.0,0,0,20,21,0.0,0,0
Rico Watson III,99809,ED,WRHK AMER,1,0,-2.0,0,0,1542,,57.5,76.2,59.2,56.8,24.4,50.0,1,0,7,7,14.3,1,1
Javin Wright,101373,LB,GUAR AMER,1,0,4.0,0,0,1541,66.0,65.6,70.8,,59.6,78.1,0.0,0,0,4,5,25.0,1,2
Aaron Harris,104296,CB,HBCUGA,1,0,12.0,0,0,1459,52.1,54.9,73.4,,67.1,80.7,0.0,0,0,6,7,0.0,0,2
Channing Canada,121668,CB,GUAR AMER,1,0,7.0,0,0,1541,66.6,67.8,74.5,,64.2,80.0,0.0,0,0,6,7,0.0,0,1
Fred Davis II,122146,CB,AMER SENR,1,0,,0,0,357,70.6,71.1,72.0,,60.8,,,0,0,7,7,0.0,0,0
Isaiah Stephens,122358,S,HBCURO,1,1,-1.0,0,0,1460,62.1,62.6,72.3,,60.7,75.6,0.0,0,0,9,9,11.1,1,1
Gary Smith III,122388,DI,EAST SHRNE,1,0,,0,0,354,,44.4,73.7,57.5,43.6,,,0,0,9,9,0.0,0,0
Karon Prunty,122574,CB,AIN HULA,1,0,,0,0,1447,58.0,58.7,71.3,,60.3,76.6,,0,0,6,6,0.0,0,0
Ben Bell,122665,ED,KAI HULA,1,0,-1.0,0,0,1446,,81.0,78.8,83.5,61.4,72.2,0.0,0,0,12,12,8.3,1,1
Darrian Bell,122693,LB,HBCURO,1,0,,0,0,1460,64.3,74.9,69.7,,76.4,73.1,,0,0,9,9,0.0,0,0
Mason Reiger,122721,ED,EAST SHRNE,1,2,,0,0,354,,81.3,78.8,82.7,66.5,59.3,33.3,1,0,21,22,0.0,0,0
Joshua Eaton,122924,CB,AIN HULA,1,0,,0,0,1447,59.9,48.8,72.5,,30.2,23.9,100.0,2,0,9,9,0.0,0,0
Rashad Battle,123003,CB,WRHK AMER,1,0,,0,0,1542,59.5,60.3,73.5,,61.5,76.2,,0,0,10,10,0.0,0,0
Dayon Hayes,123010,ED,WRHK AMER,2,0,1.3,1,0,1542,,64.4,0.0,58.5,80.1,56.3,0.0,0,2,27,28,11.1,3,3
Bud Clark,123066,S,NORTH SENR,1,1,3.5,0,0,356,67.5,66.3,73.9,,61.6,81.7,0.0,0,0,17,17,5.9,1,2
Adonis Friloux,123216,DI,WEST SHRNE,1,0,,0,0,355,,51.0,73.5,55.9,51.7,,,0,0,10,10,0.0,0,0
Nick Andersen,123370,S,WRHK AMER,1,1,,0,0,1542,79.1,78.8,73.1,,68.4,78.6,0.0,0,0,17,17,0.0,0,0
Jacobian Guillory II,124097,DI,GUAR AMER,1,0,-4.0,0,0,1541,,54.3,74.4,59.2,52.2,70.2,0.0,0,0,6,7,16.7,1,1
Dominic Bailey,124267,ED,KAI HULA,1,0,,0,0,1446,,56.9,73.5,61.2,54.2,,,0,0,7,7,0.0,0,0
Bryson Eason,124276,DI,NORTH SENR,1,0,,0,0,356,,70.2,75.2,86.6,55.8,,,0,0,19,20,0.0,0,0
Cole Wisniewski,125313,S,EAST SHRNE,1,0,6.0,0,0,354,87.2,85.5,69.7,,63.2,38.2,50.0,1,0,5,5,0.0,0,1
James Stewart,126263,ED,HBCUGA,1,0,-4.0,0,0,1459,60.0,88.3,78.5,81.5,76.9,76.3,0.0,0,0,11,12,9.1,1,1
Langston Patterson,126465,LB,WRHK AMER,1,0,,0,0,1542,63.2,49.6,73.6,60.0,39.1,20.7,100.0,2,0,19,19,0.0,0,0
Sabastian Harsh,128416,ED,WRHK AMER,1,2,2.0,0,0,1542,,77.3,76.4,75.1,70.1,77.5,0.0,0,0,17,17,17.6,3,4
Mitchell Melton,129753,ED,KAI HULA,1,1,,0,0,1446,,90.0,78.7,90.2,66.4,74.1,0.0,0,0,12,12,0.0,0,0
Cole Brevard,129766,DI,GUAR AMER,1,1,,0,0,1541,,57.1,76.1,65.2,51.1,27.0,50.0,1,0,6,7,0.0,0,0
Wesley Bailey,129871,ED,AIN HULA,1,0,8.0,0,0,1447,,64.5,76.1,67.5,56.6,72.2,0.0,0,0,7,7,0.0,0,1
Rene Konga,129880,DI,GUAR AMER,2,1,1.5,0,0,1541,61.4,57.4,77.5,62.1,50.9,74.1,0.0,0,0,27,28,7.4,2,2
James Thompson Jr.,129930,DI,WEST SHRNE,1,0,3.0,0,0,355,,57.7,71.2,61.9,55.3,71.9,0.0,0,0,4,4,25.0,1,1
JonJon Vaughns,131815,LB,KAI HULA,1,2,2.5,0,0,1446,57.2,61.3,75.6,,65.4,57.8,20.0,1,0,21,21,9.5,2,2
Daniel Rickert,138135,ED,GUAR AMER,1,0,-1.0,0,0,1541,,76.6,75.3,81.0,56.8,73.4,0.0,0,0,7,8,14.3,1,1
Quinn Urwiler,138258,LB,WRHK AMER,1,2,5.5,0,0,1542,57.8,58.7,74.7,,60.0,57.5,20.0,1,0,18,18,5.6,1,2
Carlos Allen Jr.,141334,DI,KAI HULA,1,1,1.3,0,0,1446,59.1,67.6,77.1,64.9,68.3,74.3,0.0,0,0,12,12,16.7,2,3
Andre Fuller,141775,CB,EAST SHRNE,1,0,9.0,0,0,354,70.1,70.6,77.5,,66.6,76.0,0.0,0,0,29,30,0.0,0,1
Jalil Lenore,141779,LB,HBCURO,1,1,3.0,0,0,1460,54.6,53.8,70.3,,57.3,25.3,33.3,1,0,5,5,20.0,1,1
Luke Rose,141806,LB,HBCURO,1,1,,1,0,1460,48.8,50.4,73.0,,62.9,77.5,0.0,0,2,4,4,0.0,0,0
Quincy Ivory,143327,ED,HBCURO,1,0,,0,0,1460,,64.4,78.5,65.6,58.1,73.0,,0,0,15,15,0.0,0,0
Quintayvious Hutchins,143827,ED,AMER SENR,1,1,-1.0,0,0,357,60.0,70.8,77.7,61.2,74.0,65.0,0.0,0,0,6,7,16.7,1,1
Aaron Hall,143855,DI,EAST SHRNE,1,0,1.0,0,0,354,,71.7,76.8,72.4,64.6,70.2,0.0,0,0,20,21,5.0,1,1
Keeshawn Silver,143979,DI,AIN HULA,1,1,2.0,0,0,1447,59.5,64.0,74.5,62.4,66.3,73.8,0.0,0,0,8,8,0.0,0,1
Caden Fordham,143992,LB,WEST SHRNE,1,2,11.0,0,0,355,63.4,69.9,73.6,,72.1,77.7,0.0,0,0,6,6,0.0,0,1
Keli Lawson,144087,LB,GUAR AMER,1,1,,0,0,1541,54.1,56.6,75.7,58.2,65.1,32.0,0.0,0,0,4,5,0.0,0,0
Jalen Stroman,144106,S,GUAR AMER,2,0,,0,0,1541,62.4,63.3,77.3,,63.0,80.5,,0,0,23,25,0.0,0,0
Caleb Banks,144146,DI,AMER SENR,1,0,,0,0,357,,64.4,72.4,71.2,53.5,69.7,,0,0,3,3,0.0,0,0
TJ Quinn,144173,LB,GUAR AMER,2,1,3.5,1,0,1541,38.6,34.9,74.3,,41.5,29.3,25.0,1,1,25,27,4.0,1,2
Kani Walker,144177,CB,AIN HULA,1,0,4.5,0,0,1447,55.0,58.2,80.1,,67.9,54.7,0.0,0,0,12,13,16.7,2,2
Jack Dingle,144217,LB,WRHK AMER,1,1,4.0,0,0,1542,42.6,56.2,77.0,,73.9,80.9,0.0,0,1,15,15,6.7,1,3
Jalen McMurray,144393,S,NORTH SENR,1,0,,0,0,356,61.3,62.6,72.5,,60.0,,,0,0,2,2,0.0,0,0
Mike Lunz,144426,ED,HBCUGA,1,0,-1.0,0,0,1459,,83.1,78.1,82.5,63.7,75.1,0.0,0,0,8,9,12.5,1,1
Tommy Dunn Jr.,144584,DI,AIN HULA,1,2,2.0,0,0,1447,,48.7,0.0,60.1,53.8,73.2,0.0,0,1,11,12,9.1,1,1
Shad Banks Jr.,144702,LB,WRHK AMER,2,0,1.7,0,0,1542,61.8,61.7,75.9,,59.9,49.1,0.0,0,0,16,16,12.5,2,3
Michael Taaffe,144732,S,AMER SENR,1,0,,0,0,357,72.0,71.2,72.3,,60.9,77.7,,0,0,9,9,0.0,0,0
Miles Scott,144809,S,WEST SHRNE,1,1,2.0,0,0,355,59.0,65.3,74.1,,73.8,76.5,0.0,0,0,13,13,7.7,1,1
Karson Sharar,144873,LB,WEST SHRNE,1,0,8.5,0,0,355,69.2,62.0,74.4,,46.4,80.1,0.0,0,0,9,9,0.0,0,2
Max Llewellyn,144874,ED,NORTH SENR,1,1,7.3,0,0,356,,45.5,78.0,57.9,41.6,76.0,0.0,0,0,18,19,0.0,0,3
Rayshaun Benny,144933,DI,AMER SENR,1,0,0.0,0,0,357,,64.9,72.4,52.9,72.1,27.8,0.0,0,0,2,2,50.0,1,1
T.J. Guy,144938,ED,WRHK AMER,1,1,-69.0,0,1,1542,61.2,77.6,77.2,63.0,80.2,76.1,0.0,0,0,16,16,0.0,0,1
Aidan Hubbard,145048,ED,WEST SHRNE,1,1,0.0,0,0,355,60.7,73.2,75.0,52.3,82.9,73.4,0.0,0,0,10,10,10.0,1,1
Carmine Bastone,145050,DI,KAI HULA,1,0,,0,0,1446,,58.3,75.1,49.1,67.9,21.8,,0,0,11,11,0.0,0,0
Jackson Kuwatch,145075,LB,KAI HULA,1,0,8.0,0,0,1446,73.4,80.4,72.1,60.0,65.0,77.1,0.0,0,0,6,6,0.0,0,1
Khordae Sydnor,145124,ED,WRHK AMER,1,0,2.0,0,0,1542,,65.7,77.0,71.8,56.9,25.0,50.0,1,0,16,16,6.3,1,1
Ricardo Hallman,145169,CB,WRHK AMER,1,0,,0,0,1542,65.4,59.6,73.9,,45.6,21.7,100.0,1,0,13,13,0.0,0,0
Carlos Dunovant,145253,CB,HBCURO,1,0,38.0,0,0,1460,57.2,59.2,74.4,,65.0,73.5,0.0,0,1,15,15,0.0,0,1
Michael Heldman,145731,ED,AIN HULA,2,0,2.5,0,0,1447,,75.8,78.1,75.3,67.7,41.4,33.3,1,0,22,23,9.1,2,2
Cam Smith,145767,S,KAI HULA,1,0,,0,0,1446,60.2,61.1,74.4,,62.0,76.4,,0,0,11,11,0.0,0,0
Eli Blakey,145820,S,WRHK AMER,1,1,19.0,0,0,1542,53.5,62.0,72.1,,70.8,79.4,0.0,0,0,17,17,0.0,0,1
Daylan Long,145825,LB,HBCUGA,1,2,2.3,0,0,1459,65.0,64.1,67.6,,61.0,61.5,16.7,1,0,12,12,25.0,3,3
Al'zillion Hamilton,146042,CB,WRHK AMER,1,0,,0,0,1542,73.3,73.2,75.8,,63.2,77.0,,0,0,21,21,0.0,0,0
Julian Neal,146043,CB,AMER SENR,1,0,,0,0,357,63.3,63.8,75.6,,61.7,76.2,,0,0,10,11,0.0,0,0
Noah Avinger,146141,S,WEST SHRNE,1,2,,0,0,355,54.9,59.0,70.1,,66.4,78.2,0.0,0,0,4,4,0.0,0,0
Dalton Johnson,146252,S,EAST SHRNE,1,2,6.5,0,0,354,57.7,60.1,74.7,,63.4,60.3,0.0,0,0,26,27,3.8,1,2
Kaleb Elarms-Orr,146306,LB,NORTH SENR,1,1,8.0,0,0,356,56.8,55.5,74.2,,56.1,79.0,0.0,0,0,21,21,0.0,0,2
Skyler Thomas,146351,S,WRHK AMER,2,0,9.3,0,0,1542,64.7,67.0,76.5,,69.7,81.5,0.0,0,0,30,31,0.0,0,3
DeVonta Smith,146607,CB,EAST SHRNE,1,0,,0,0,354,73.4,69.3,77.4,,44.9,58.8,100.0,1,0,5,5,0.0,0,0
Damon Payne,146611,DI,WRHK AMER,1,0,2.0,0,0,1542,,55.3,77.4,63.7,51.7,66.5,0.0,0,0,10,10,10.0,1,1
Monkell Goodwine,146616,DI,WEST SHRNE,1,0,,0,0,355,,50.4,74.9,63.3,41.4,,,0,0,9,9,0.0,0,0
Tim Keenan III,146617,DI,AMER SENR,1,0,,0,0,357,,42.5,73.5,58.5,43.3,,,0,0,7,7,0.0,0,0
Cameron Ball,146644,DI,AMER SENR,1,0,,0,0,357,,55.7,73.5,57.0,56.6,,,0,0,9,10,0.0,0,0
Jadarrius Perkins,146684,CB,HBCUGA,1,0,,0,0,1459,59.6,60.4,76.7,,62.1,73.5,,0,0,14,14,0.0,0,0
Jordan Young,146705,CB,WRHK AMER,1,0,,0,0,1542,61.8,62.7,75.9,,63.0,,,0,0,18,18,0.0,0,0
Xavian Sorey Jr.,146724,LB,AMER SENR,1,0,,0,0,357,49.4,52.4,72.4,,65.6,77.8,,0,0,7,8,0.0,0,0
Nick Barrett,146926,DI,AMER SENR,1,0,,0,0,357,,46.2,71.3,56.2,49.8,,,0,0,4,4,0.0,0,0
Drey Norwood,147007,CB,AIN HULA,1,0,,0,0,1447,65.3,65.8,70.2,,60.0,73.5,,0,0,2,2,0.0,0,0
Malcolm Bell,147394,CB,GUAR AMER,1,0,,1,0,1541,59.4,59.6,72.1,,60.0,74.2,,0,1,3,3,0.0,0,0
Gabriel Rubio,147499,DI,AIN HULA,1,0,,0,0,1447,,42.1,74.2,55.8,40.2,16.6,100.0,1,0,11,12,0.0,0,0
Jack Kelly,147861,LB,AMER SENR,1,0,,0,0,357,61.9,62.8,70.4,,61.6,79.6,,0,0,4,4,0.0,0,0
Deontre Morris,147990,S,HBCURO,1,0,,0,0,1460,59.1,59.9,74.9,,60.3,24.2,,0,0,11,11,0.0,0,0
Kody Huisman,148174,DI,WRHK AMER,1,0,2.7,0,0,1542,,58.3,74.5,61.1,56.7,73.8,0.0,0,0,11,11,9.1,1,3
Mason Woods,148468,LB,WRHK AMER,1,0,4.5,0,0,1542,62.4,74.9,73.7,59.9,76.2,81.1,0.0,0,0,14,14,21.4,3,6
Ayden Garnes,148570,CB,GUAR AMER,1,0,,0,0,1541,61.8,62.4,76.8,,60.8,75.1,,0,0,8,9,0.0,0,0
Bryce Cage,150163,ED,HBCURO,1,0,1.0,1,0,1460,,63.2,0.0,64.1,69.3,74.9,0.0,0,1,11,11,27.3,3,3
Christian Smith,150478,DI,HBCUGA,1,0,0.0,0,0,1459,,63.0,75.3,58.5,64.8,69.7,0.0,0,0,15,15,6.7,1,1
Max U'Ren,150484,LB,HBCUGA,1,1,4.0,0,0,1459,82.6,74.8,73.8,,50.8,49.4,0.0,0,0,9,10,0.0,0,1
Jelani Vassell,150485,S,HBCUGA,1,0,,0,0,1459,46.9,48.2,76.6,,62.6,38.3,,0,0,16,16,0.0,0,0
Erick Hunter,150533,LB,WRHK AMER,2,2,0.0,0,0,1542,56.5,56.7,73.5,60.0,57.8,61.4,16.7,1,0,23,23,13.0,3,3
Charles Demmings,150672,CB,NORTH SENR,1,1,4.0,0,0,356,56.1,59.2,74.2,,67.4,79.1,0.0,0,0,14,14,0.0,0,1
Kolbey Taylor,150703,CB,WEST SHRNE,1,0,,0,0,355,64.7,65.2,72.5,,60.0,,,0,0,6,6,0.0,0,0
Jeremiah Williams,150948,DI,HBCURO,1,1,1.5,0,0,1460,,84.1,78.4,75.6,78.7,72.8,0.0,0,0,16,16,12.5,2,2
James Jackson,151086,LB,GUAR AMER,2,0,4.0,0,0,1541,56.0,55.6,75.6,,57.2,34.4,0.0,0,1,13,15,7.7,1,1
West Weeks,151101,LB,EAST SHRNE,1,1,4.0,0,0,354,63.1,57.6,76.5,,51.0,77.4,0.0,0,0,16,17,0.0,0,1
Tamatoa McDonough,151151,ED,EAST SHRNE,1,0,,0,0,354,,52.8,74.4,53.9,55.5,23.9,100.0,1,0,9,9,0.0,0,0
Michael Akins,153265,ED,HBCURO,1,0,,0,0,1460,,42.9,0.0,53.0,60.0,,,0,1,1,1,0.0,0,0
Jadon Carter,153406,S,HBCUGA,1,0,5.0,0,0,1459,64.0,63.5,79.5,,58.5,47.4,0.0,0,0,16,17,6.3,1,2
Jordan Williams,153438,S,HBCUGA,1,1,5.0,0,0,1459,65.1,69.3,69.9,,68.9,77.4,0.0,0,0,8,9,12.5,1,1
Tim Alderman,154072,ED,HBCUGA,1,1,,0,0,1459,,61.7,75.9,59.7,61.6,70.2,0.0,0,0,14,14,0.0,0,0
Jamal Jones,154670,ED,HBCUGA,1,0,7.0,0,0,1459,,51.8,77.6,62.5,43.9,75.2,0.0,0,0,11,11,0.0,0,1
Blake Boenisch,155566,DI,EAST SHRNE,1,0,2.0,0,0,354,61.8,75.5,73.7,57.0,75.1,73.6,0.0,0,0,9,9,22.2,2,2
Eric O'Neill,155869,ED,AIN HULA,1,0,0.8,0,0,1447,,84.0,0.0,77.1,84.8,76.8,0.0,0,1,11,12,36.4,4,4
Nadame Tucker,156169,ED,NORTH SENR,1,0,3.0,0,0,356,,76.0,78.4,89.4,48.7,46.3,50.0,1,0,14,14,7.1,1,1
Brenyen Scott,156181,S,HBCUGA,1,1,13.0,0,0,1459,60.0,65.9,71.5,,71.8,67.9,0.0,0,0,8,9,0.0,0,2
Toriano Pride Jr.,156245,CB,KAI HULA,1,0,9.0,0,0,1446,62.4,63.6,77.2,,66.0,77.9,0.0,0,0,23,23,0.0,0,1
Vincent Anthony Jr.,156256,ED,NORTH SENR,1,0,4.0,0,0,356,,91.1,76.8,92.3,63.9,46.5,50.0,1,0,11,11,9.1,1,1
Chandler Rivers,156257,CB,NORTH SENR,1,0,6.0,0,0,356,66.0,59.6,76.2,,45.7,80.1,0.0,0,1,19,20,0.0,0,1
Clayton Powell-Lee,156305,S,GUAR AMER,1,0,,0,0,1541,58.5,60.5,72.7,,60.0,80.5,,0,0,2,3,0.0,0,0
Nyjalik Kelly,156339,ED,AMER SENR,1,0,2.0,0,0,357,60.0,57.7,74.6,54.2,61.1,74.6,0.0,0,0,2,2,50.0,1,1
Travis Shaw,156345,DI,KAI HULA,1,1,-0.5,0,0,1446,59.4,82.9,71.1,65.4,85.0,73.2,0.0,0,0,5,5,40.0,2,2
Dasan McCullough,156403,ED,KAI HULA,1,0,,0,0,1446,,55.7,77.7,52.9,61.7,,,0,0,11,11,0.0,0,0
Phillip Dunnam,156406,S,AIN HULA,1,0,,0,0,1447,61.6,62.7,75.8,,63.4,78.0,,0,0,14,15,0.0,0,0
Xavier Nwankpa,156431,S,KAI HULA,1,0,12.3,0,0,1446,68.4,65.2,76.0,,57.6,85.0,0.0,0,0,19,19,0.0,0,3
TJ Hall,156441,CB,NORTH SENR,1,1,,0,0,356,60.1,61.9,78.7,,65.0,74.8,0.0,0,0,9,10,0.0,0,0
Aaron Graves,156445,DI,WRHK AMER,1,1,4.0,0,0,1542,,63.5,74.1,52.8,68.6,34.4,0.0,0,0,14,14,7.1,1,1
Gavin Gibson,156453,S,KAI HULA,1,0,,1,0,1446,63.6,56.3,0.0,,47.4,83.0,,0,1,10,10,0.0,0,0
Deshon Singleton Jr.,156476,S,NORTH SENR,1,1,0.0,0,0,356,59.6,66.5,73.9,,74.8,79.6,0.0,0,1,17,17,5.9,1,1
Hezekiah Masses,156555,CB,NORTH SENR,1,3,9.0,0,0,356,67.1,68.9,75.6,,69.1,79.6,0.0,0,0,18,19,0.0,0,1
Keyron Crawford,156660,ED,AMER SENR,1,0,4.5,0,0,357,,62.0,78.1,58.9,64.7,38.3,0.0,0,0,6,7,16.7,1,2
Jacob Thomas,156722,S,AIN HULA,1,1,,0,0,1447,77.6,76.7,74.6,,65.0,82.0,0.0,0,0,13,14,0.0,0,0
Brent Austin,156723,CB,EAST SHRNE,1,0,,1,0,354,55.9,48.9,74.8,,30.7,57.2,100.0,1,1,15,16,0.0,0,0
Sterling Webb,156932,DI,WEST SHRNE,1,0,8.0,0,0,355,,56.7,75.1,60.6,54.7,70.2,0.0,0,0,8,8,0.0,0,1
Keyshaun Elliott,156945,LB,AMER SENR,1,0,2.3,0,0,357,35.7,51.6,73.8,,78.3,42.5,0.0,0,0,14,15,21.4,3,3
Mani Powell,157027,LB,KAI HULA,1,1,1.0,0,0,1446,58.8,67.2,72.8,,77.0,79.9,0.0,0,0,12,12,16.7,2,2
Jordan Crook,157032,LB,AIN HULA,1,0,,1,0,1447,45.4,55.8,74.6,,83.2,76.0,,0,1,7,8,0.0,0,0
Caleb Wooden,157051,S,GUAR AMER,1,0,,0,0,1541,52.3,53.7,73.1,,60.0,,,0,0,2,3,0.0,0,0
DeCarlos Nicholson,157143,CB,AIN HULA,1,0,6.0,0,0,1447,74.5,74.7,73.7,,64.5,76.2,0.0,0,0,10,10,0.0,0,1
Namdi Obiazor,157288,LB,GUAR AMER,2,1,,0,0,1541,45.4,51.7,74.4,66.8,63.6,77.0,0.0,0,0,14,14,0.0,0,0
Damonic Williams,157291,DI,AIN HULA,1,1,1.0,0,0,1447,,77.7,73.8,59.3,83.6,34.4,0.0,0,0,8,8,12.5,1,1
Jaylon Guilbeau,157307,CB,WEST SHRNE,1,0,,0,0,355,57.8,60.6,76.6,,68.0,77.8,,0,0,13,13,0.0,0,0
Brylan Green,157386,S,GUAR AMER,1,1,,0,0,1541,56.4,54.4,72.1,,57.8,77.8,0.0,0,0,3,3,0.0,0,0
Tyre West,157613,ED,WRHK AMER,2,0,2.6,0,0,1542,,43.8,76.5,63.7,36.3,52.9,16.7,1,0,34,34,11.8,4,5
Elijah Herring,157614,LB,AIN HULA,1,0,1.5,0,0,1447,47.8,48.6,75.5,,56.3,29.9,33.3,1,0,12,12,16.7,2,2
Chris McClellan,157743,DI,AMER SENR,1,0,,0,0,357,,50.8,73.7,69.0,36.4,,,0,0,5,6,0.0,0,0
VJ Payne,157780,S,NORTH SENR,1,1,,0,0,356,64.2,65.9,70.2,,64.3,74.8,0.0,0,0,13,14,0.0,0,0
Michael Dansby,157849,CB,GUAR AMER,1,0,,0,0,1541,67.1,62.1,74.3,,45.0,27.9,100.0,1,0,8,9,0.0,0,0
Payton Zdroik,157898,DI,WRHK AMER,1,1,3.0,0,0,1542,,85.7,74.5,92.0,63.5,72.4,0.0,0,0,14,14,7.1,1,1
Owen Heinecke,158098,LB,AMER SENR,1,1,7.0,0,0,357,54.0,55.6,71.0,,61.5,78.7,0.0,0,0,7,7,0.0,0,1
Bryan Thomas Jr.,158108,ED,EAST SHRNE,1,1,,0,0,354,61.2,57.8,77.7,47.9,64.1,44.1,0.0,0,0,9,9,0.0,0,0
Isaiah Smith,158282,ED,GUAR AMER,1,0,2.0,0,0,1541,,81.8,78.3,73.9,75.6,47.0,50.0,1,0,8,9,12.5,1,1
Jerry Wilson,158310,CB,GUAR AMER,1,1,13.0,0,0,1541,64.6,69.1,72.8,,71.1,79.7,0.0,0,0,6,7,33.3,2,2
Malik Spencer,158397,S,AIN HULA,1,0,1.5,1,0,1447,62.6,60.9,0.0,,67.0,54.2,0.0,0,1,15,16,13.3,2,2
Zion Young,158404,ED,AMER SENR,1,0,2.0,0,0,357,60.0,71.7,75.3,59.7,73.3,75.2,0.0,0,0,12,12,16.7,2,2
Lander Barton,158473,LB,EAST SHRNE,1,0,6.3,0,0,354,74.9,71.4,78.8,,61.7,81.2,0.0,0,0,26,27,0.0,0,4
Thaddeus Dixon,158614,CB,NORTH SENR,1,0,16.5,0,0,356,64.1,67.3,71.6,,67.5,76.6,0.0,0,0,9,9,0.0,0,2
Nathan Voorhis,158637,ED,AIN HULA,1,0,,0,0,1447,,79.3,77.0,78.3,65.2,,,0,0,8,8,0.0,0,0
LT Overton,158667,ED,AMER SENR,1,0,,0,0,357,,39.3,74.4,60.3,30.9,71.5,,0,0,7,7,0.0,0,0
Malick Sylla,158676,ED,GUAR AMER,1,0,,0,0,1541,,56.5,76.9,56.5,58.3,,,0,0,8,9,0.0,0,0
Austin Brown,158689,S,WEST SHRNE,1,2,,0,0,355,57.0,62.0,74.9,,70.1,79.5,0.0,0,0,8,8,0.0,0,0
Ephesians Prysock,158740,CB,AMER SENR,1,0,29.0,0,0,357,76.8,77.4,74.3,,64.6,77.0,0.0,0,0,8,9,0.0,0,1
Chris Johnson,158794,CB,NORTH SENR,1,0,,0,0,356,57.2,53.1,72.8,,50.2,21.4,100.0,1,0,10,10,0.0,0,0
Bryce Phillips,159665,CB,WEST SHRNE,1,0,,0,0,355,59.7,60.4,72.7,,61.2,,,0,0,8,8,0.0,0,0
Warren Robinson,160101,ED,HBCURO,1,0,,1,0,1460,,58.5,0.0,63.2,62.8,,,0,1,13,13,0.0,0,0
Jaden Rios,160106,CB,KAI HULA,1,0,5.0,0,0,1446,60.9,62.5,76.5,,66.3,78.2,0.0,0,0,23,23,0.0,0,1
Myles Rowser,160351,S,EAST SHRNE,1,2,5.5,0,0,354,66.6,67.3,77.1,,66.0,57.9,20.0,1,0,27,28,3.7,1,2
Cole Kozlowski,160467,LB,GUAR AMER,1,0,7.0,0,0,1541,63.3,58.6,70.7,,52.4,77.8,0.0,0,0,5,6,0.0,0,2
Noah Miles,160535,ED,HBCUGA,1,0,,0,0,1459,,58.0,75.2,65.2,49.8,22.2,100.0,1,0,8,9,0.0,0,0
Harold O'Neal III,161250,LB,HBCUGA,1,0,5.0,0,0,1459,56.8,48.6,71.9,,41.4,76.3,0.0,0,0,6,6,0.0,0,1
A.J. Pena,161381,ED,GUAR AMER,2,2,0.5,0,0,1541,,67.9,78.9,63.0,68.5,37.2,20.0,1,0,15,16,13.3,2,2
Declan Williams,161383,LB,EAST SHRNE,1,1,3.5,0,0,354,71.6,61.7,75.5,,45.9,80.1,0.0,0,0,14,15,7.1,1,2
Jaden Dugger,162137,LB,EAST SHRNE,1,0,2.7,0,0,354,64.4,67.2,74.3,59.5,66.8,50.9,22.2,2,0,26,26,23.1,6,7
Kamari Ramsey,162465,S,AMER SENR,1,0,,0,0,357,67.0,67.2,75.1,,63.3,76.4,,0,0,11,11,0.0,0,0
Landon Robinson,162580,DI,EAST SHRNE,1,1,-3.0,0,0,354,,60.7,74.7,62.9,58.7,73.4,0.0,0,0,19,20,5.3,1,1
Wesley Williams,162704,ED,EAST SHRNE,1,2,1.0,0,0,354,,74.1,77.3,76.0,63.8,56.6,0.0,0,0,20,21,5.0,1,2
Dariel Djabome,162903,LB,AIN HULA,1,0,7.5,0,0,1447,65.4,59.4,75.6,60.0,51.2,42.2,33.3,1,0,12,12,0.0,0,2
Jalen Huskey,163106,S,WEST SHRNE,1,0,7.5,0,0,355,74.0,76.3,74.2,,69.6,77.7,0.0,0,0,9,9,11.1,1,2
Nasir Bowers,163152,CB,WRHK AMER,1,0,,0,0,1542,82.8,86.8,70.4,,60.0,,,0,0,2,2,0.0,0,0
Kalib Fortner,163190,LB,KAI HULA,1,1,0.3,0,0,1446,43.7,55.6,74.1,,72.9,64.8,20.0,1,0,19,19,10.5,2,3
Bryce Boettcher,163288,LB,NORTH SENR,1,0,9.0,0,0,356,61.0,64.6,74.7,63.8,61.5,49.8,33.3,2,0,22,23,0.0,0,4
Samuel Graham,163461,LB,HBCUGA,1,1,,0,0,1459,53.8,56.6,76.1,,64.9,74.8,0.0,0,0,9,10,0.0,0,0
Ethan Burke,163843,ED,WEST SHRNE,1,0,,0,0,355,71.7,72.7,76.6,66.4,60.9,74.8,,0,0,5,5,0.0,0,0
Larry Worth III,163980,S,KAI HULA,1,1,23.0,0,0,1446,78.7,76.6,73.2,,64.0,79.6,0.0,0,0,12,12,0.0,0,1
Jonquis Hardaway,164132,CB,AIN HULA,1,0,,0,0,1447,61.9,62.4,72.7,,61.0,76.2,,0,0,7,8,0.0,0,0
Cam Miller,164178,CB,KAI HULA,1,0,,0,0,1446,49.8,50.1,75.4,,60.0,77.3,,0,1,3,3,0.0,0,0
Matthew Leach,165870,LB,HBCUGA,1,0,,0,0,1459,63.0,62.4,69.4,,59.6,,,0,0,11,12,0.0,0,0
Antwone Watts,167238,S,HBCURO,1,0,,0,0,1460,63.4,65.0,74.3,,65.6,,,0,0,17,17,0.0,0,0
Mikael King,168542,CB,HBCURO,1,1,,0,0,1460,44.2,40.9,74.5,,46.3,76.2,0.0,0,0,11,11,0.0,0,0
Anterio Thompson,170176,DI,GUAR AMER,1,1,,0,0,1541,,65.7,73.8,60.1,67.2,28.3,0.0,0,0,7,8,0.0,0,0
Kapena Gushiken,174157,S,GUAR AMER,1,2,8.0,0,0,1541,72.4,68.7,75.7,,56.7,55.6,25.0,1,0,10,11,0.0,0,1
Lardarius Webb Jr.,174314,CB,WRHK AMER,1,0,,0,0,1542,63.1,63.8,75.6,,62.8,21.7,,0,0,20,20,0.0,0,0
Jalon Kilgore,174323,CB,AMER SENR,1,0,,0,0,357,57.0,58.0,77.5,,61.8,83.0,,0,0,8,9,0.0,0,0
Cian Slone,174768,ED,NORTH SENR,1,0,,0,0,356,,50.1,78.1,69.6,35.1,72.2,,0,0,13,14,0.0,0,0
Keyshawn James-Newby,175089,ED,WEST SHRNE,1,0,,0,0,355,,54.5,0.0,58.0,64.8,,,0,1,5,5,0.0,0,0
Bobby Jamison-Travis,175881,DI,KAI HULA,1,2,,0,0,1446,,70.4,74.0,72.0,62.8,36.3,33.3,1,0,10,10,0.0,0,0
Stemarion Edwards,178483,LB,HBCURO,1,0,1.0,0,0,1460,55.1,70.3,67.6,,81.0,79.4,0.0,0,0,8,8,37.5,3,3
Domonique Davis,180509,LB,HBCURO,1,0,,0,0,1460,71.8,71.2,69.4,,59.3,78.1,,0,0,5,5,0.0,0,0
Travor Randle,181171,S,HBCURO,1,0,4.5,0,0,1460,69.8,72.3,77.0,,71.0,79.7,0.0,0,0,12,12,8.3,1,2
Darrius Stokes,181300,S,HBCURO,1,0,,0,0,1460,54.5,56.4,69.2,,62.4,46.6,,0,0,8,8,0.0,0,0
Tony Rountree Jr.,181382,DI,HBCURO,1,2,1.5,0,0,1460,,68.1,75.1,61.9,67.7,74.5,0.0,0,0,15,15,13.3,2,2
Reid Pulliam,186121,LB,HBCURO,1,0,3.0,0,0,1460,64.8,55.3,69.6,,47.1,75.8,0.0,0,0,11,11,9.1,1,1
Blake Davis,189217,CB,HBCURO,1,0,,0,0,1460,51.4,52.2,75.4,,60.9,,,0,1,8,8,0.0,0,0
Jamieson Alston,196398,LB,HBCUGA,1,1,0.0,0,0,1459,44.8,47.0,72.9,,62.4,77.6,0.0,0,0,7,7,14.3,1,1
Jarod Washington,196899,CB,EAST SHRNE,1,0,,0,0,354,47.1,49.2,74.6,,62.4,76.0,,0,0,14,14,0.0,0,0
Quincy Robinson,205968,ED,HBCUGA,1,0,2.0,0,0,1459,60.0,86.1,76.8,90.6,63.5,42.0,0.0,0,0,7,8,14.3,1,1
Shawn Robinson,207525,ED,HBCUGA,1,0,,0,0,1459,,79.2,75.0,90.1,56.5,72.4,,0,0,14,14,0.0,0,0
Christopher Calhoun III,211914,LB,HBCUGA,1,3,,0,0,1459,47.6,33.5,71.9,,38.5,78.8,0.0,0,0,10,10,0.0,0,0
Kosuke Hara,212596,LB,KAI HULA,1,0,,0,0,1446,71.0,71.5,72.3,,62.2,73.1,,0,0,8,8,0.0,0,0
Israel Nwokocha,213347,ED,HBCURO,1,1,,0,0,1460,,52.7,72.0,55.1,55.8,72.2,0.0,0,0,5,5,0.0,0,0
TJ Taybron,213348,CB,HBCUGA,1,0,1.0,0,0,1459,66.4,69.8,74.4,,69.9,77.9,0.0,0,0,10,10,10.0,1,1
Evan Powell,213351,S,HBCUGA,1,0,11.0,0,0,1459,58.4,60.8,71.4,,62.4,51.7,0.0,0,0,4,4,0.0,0,1
